iter	QuerySoftMax	AverageGain:top=1
0	4.593557665	0.03562998287
1	4.56857471	0.1035384152
2	4.542916462	0.1776083279
3	4.513069431	0.2136123914
4	4.490634493	0.2108670983
5	4.468069578	0.234015425
6	4.449927084	0.2180193446
7	4.411808819	0.2714385496
8	4.376853193	0.3213648703
9	4.352773975	0.3410241867
10	4.323616529	0.3662448485
11	4.300629654	0.3662448485
12	4.281996955	0.3590926022
13	4.267372282	0.3582213191
14	4.251421515	0.3464312921
15	4.216078506	0.4110206334
16	4.192041504	0.3913862942
17	4.169473794	0.3869280322
18	4.150514507	0.3913862942
19	4.131194232	0.3973295786
20	4.1115228	0.3823510817
21	4.090093748	0.4410586524
22	4.064925417	0.3863588025
23	4.033365912	0.4113392928
24	3.999823566	0.4132517731
25	3.981860243	0.4132517731
26	3.959318273	0.4132517731
27	3.934300337	0.4132517731
28	3.915003665	0.4132517731
29	3.891117817	0.421093586
30	3.872866989	0.421093586
31	3.853402787	0.4852924872
32	3.833036015	0.4852924872
33	3.814774402	0.4852924872
34	3.798066651	0.5252126018
35	3.774161907	0.5252126018
36	3.751260181	0.5475905279
37	3.730877398	0.5475905279
38	3.715563376	0.551998869
39	3.694812302	0.5296209429
40	3.675110677	0.5296209429
41	3.653925282	0.5296209429
42	3.634987137	0.5120804606
43	3.622198181	0.5120804606
44	3.604344255	0.5120804606
45	3.588064039	0.5120804606
46	3.566293708	0.5196747172
47	3.547987286	0.5196747172
48	3.531008396	0.5196747172
49	3.514422704	0.5290015852
50	3.49119978	0.5622610711
51	3.479929569	0.5622610711
52	3.466673857	0.5622610711
53	3.451774295	0.5622610711
54	3.434441369	0.5622610711
55	3.421509665	0.5622610711
56	3.402379743	0.5622610711
57	3.387310267	0.5622610711
58	3.371404139	0.5622610711
59	3.36639092	0.5798015534
60	3.351243959	0.5798015534
61	3.341598242	0.5798015534
62	3.321778377	0.5798015534
63	3.302991986	0.5798015534
64	3.284854405	0.5948565216
65	3.272453375	0.5773160393
66	3.261286762	0.5773160393
67	3.248580483	0.5968306083
68	3.239147411	0.5843901682
69	3.224587899	0.6044764321
70	3.213311936	0.6044764321
71	3.196645638	0.6044764321
72	3.182450556	0.6044764321
73	3.173489628	0.6044764321
74	3.160218963	0.6044764321
75	3.148834022	0.6044764321
76	3.133383765	0.6044764321
77	3.128034898	0.6044764321
78	3.112736038	0.6044764321
79	3.101095305	0.6044764321
80	3.085375422	0.6169168722
81	3.073221824	0.6169168722
82	3.054014608	0.6392947983
83	3.045601956	0.6392947983
84	3.035117186	0.6392947983
85	3.024376464	0.6392947983
86	3.009804993	0.6392947983
87	2.997197857	0.6467660142
88	2.985829159	0.6467660142
89	2.973353156	0.6467660142
90	2.96571337	0.6467660142
91	2.957420296	0.6467660142
92	2.943525498	0.6467660142
93	2.931941056	0.666632787
94	2.928815467	0.666632787
95	2.921496528	0.666632787
96	2.911884598	0.666632787
97	2.897025711	0.6541923469
98	2.877997387	0.6541923469
99	2.862515854	0.6541923469
100	2.853082784	0.6541923469
101	2.838306373	0.6541923469
102	2.82551321	0.6709012
103	2.813112197	0.6609387132
104	2.807722162	0.6609387132
105	2.799260045	0.6609387132
106	2.789063973	0.6609387132
107	2.776251869	0.6609387132
108	2.770140318	0.6609387132
109	2.752537865	0.6609387132
110	2.747376003	0.6609387132
111	2.738556029	0.6609387132
112	2.728960081	0.6609387132
113	2.719552571	0.6609387132
114	2.701460876	0.6609387132
115	2.696690823	0.6609387132
116	2.68799578	0.6702655812
117	2.671114286	0.6702655812
118	2.663752057	0.6702655812
119	2.652264049	0.6702655812
120	2.647574681	0.6702655812
121	2.636356339	0.6702655812
122	2.624216697	0.6702655812
123	2.615558517	0.6702655812
124	2.609455878	0.6702655812
125	2.607492943	0.6702655812
126	2.604560298	0.6702655812
127	2.597091813	0.6702655812
128	2.578736587	0.6787993104
129	2.568997219	0.6787993104
130	2.567334717	0.6787993104
131	2.554735908	0.6787993104
132	2.549732322	0.6787993104
133	2.53617204	0.6787993104
134	2.526559928	0.6694724424
135	2.516434248	0.6694724424
136	2.507122534	0.6694724424
137	2.494062072	0.6760413657
138	2.484859492	0.6694724424
139	2.474553779	0.6694724424
140	2.470647207	0.6694724424
141	2.462871741	0.6694724424
142	2.447635339	0.6808529179
143	2.436198341	0.6901797858
144	2.427094026	0.7065266709
145	2.414326059	0.7065266709
146	2.405325598	0.7065266709
147	2.396050758	0.7065266709
148	2.387000708	0.7065266709
149	2.379863005	0.7065266709
150	2.373895228	0.7065266709
151	2.368829119	0.7065266709
152	2.358714463	0.7065266709
153	2.349287188	0.7065266709
154	2.341265195	0.7065266709
155	2.330589987	0.718967111
156	2.324668256	0.7075866355
157	2.317064731	0.7075866355
158	2.313007783	0.718967111
159	2.302961676	0.718967111
160	2.29049889	0.718967111
161	2.282259885	0.718967111
162	2.276972003	0.718967111
163	2.270478272	0.718967111
164	2.265148995	0.718967111
165	2.258437569	0.718967111
166	2.249765384	0.718967111
167	2.243486467	0.718967111
168	2.23618154	0.7261193572
169	2.231132848	0.7261193572
170	2.22698929	0.7261193572
171	2.217865453	0.7261193572
172	2.212694162	0.7261193572
173	2.204600922	0.7261193572
174	2.198732351	0.7261193572
175	2.191200018	0.7261193572
176	2.189239911	0.7261193572
177	2.180680228	0.7261193572
178	2.171798513	0.7261193572
179	2.163353555	0.7261193572
180	2.160001766	0.7261193572
181	2.15393379	0.730750228
182	2.146752944	0.730750228
183	2.141298639	0.7193697525
184	2.134779224	0.7193697525
185	2.130537529	0.7193697525
186	2.123469588	0.730750228
187	2.115384632	0.7193697525
188	2.108422414	0.7193697525
189	2.103566653	0.7193697525
190	2.100186967	0.7206764924
191	2.094066509	0.7314541603
192	2.088525171	0.7314541603
193	2.083831397	0.7320569679
194	2.080711529	0.7428346358
195	2.073874646	0.7428346358
196	2.064402389	0.7428346358
197	2.061118718	0.7428346358
198	2.053883647	0.7428346358
199	2.047259175	0.7428346358
200	2.040582232	0.7428346358
201	2.036471918	0.7314541603
202	2.029995794	0.7428346358
203	2.027587355	0.7428346358
204	2.020866461	0.7428346358
205	2.016684752	0.7428346358
206	2.008907436	0.7428346358
207	2.002440172	0.7434702547
208	1.99256022	0.7434702547
209	1.990832464	0.7434702547
210	1.984590976	0.7434702547
211	1.980297229	0.7428346358
212	1.971327548	0.7428346358
213	1.966364209	0.7428346358
214	1.96080778	0.7428346358
215	1.95251444	0.7428346358
216	1.945743428	0.7428346358
217	1.934981511	0.7434702547
218	1.929867106	0.7434702547
219	1.922606929	0.7434702547
220	1.915804644	0.7434702547
221	1.91187043	0.7434702547
222	1.90609902	0.7434702547
223	1.904636941	0.7434702547
224	1.90066522	0.7434702547
225	1.891673854	0.7532111365
226	1.885104616	0.7532111365
227	1.881756616	0.7532111365
228	1.872448641	0.7532111365
229	1.86728672	0.7532111365
230	1.862810978	0.7532111365
231	1.857983629	0.7532111365
232	1.853793239	0.7532111365
233	1.850304926	0.7532111365
234	1.845799459	0.7532111365
235	1.843100983	0.7532111365
236	1.839294279	0.7532111365
237	1.832969457	0.7532111365
238	1.828038131	0.7532111365
239	1.824238477	0.7532111365
240	1.819404729	0.7532111365
241	1.814068738	0.7532111365
242	1.812324014	0.7583849422
243	1.80506658	0.7797498701
244	1.803734688	0.7797498701
245	1.802577794	0.7797498701
246	1.799325709	0.7797498701
247	1.795941069	0.7797498701
248	1.792697942	0.7797498701
249	1.790207417	0.7797498701
250	1.784955495	0.7797498701
251	1.778328509	0.7797498701
252	1.777607919	0.7797498701
253	1.77090466	0.7797498701
254	1.765787265	0.7797498701
255	1.761971247	0.7797498701
256	1.761135653	0.7797498701
257	1.757494277	0.7797498701
258	1.753021025	0.7797498701
259	1.748051182	0.7797498701
260	1.745509403	0.7797498701
261	1.737811033	0.7797498701
262	1.734217575	0.7797498701
263	1.728927522	0.7797498701
264	1.719022922	0.7797498701
265	1.716034125	0.7797498701
266	1.712521653	0.7797498701
267	1.708111542	0.7797498701
268	1.700963649	0.7857106338
269	1.696628545	0.7882053379
270	1.695619871	0.7882053379
271	1.692921701	0.7882053379
272	1.686526131	0.7797498701
273	1.683838804	0.7797498701
274	1.677623737	0.7797498701
275	1.670888125	0.7797498701
276	1.665118201	0.8029123259
277	1.659504955	0.8037851028
278	1.654675742	0.8122405706
279	1.647276471	0.8122405706
280	1.645166605	0.8122405706
281	1.644015405	0.8122405706
282	1.642810193	0.8122405706
283	1.637939738	0.8166311582
284	1.63496254	0.8122405706
285	1.632321829	0.8122405706
286	1.62779171	0.8122405706
287	1.624015831	0.8188094939
288	1.622218572	0.8188094939
289	1.618404529	0.8188094939
290	1.611887672	0.8188094939
291	1.607633029	0.8188094939
292	1.599175069	0.8188094939
293	1.595175435	0.8188094939
294	1.592453583	0.8188094939
295	1.586232455	0.8188094939
296	1.577326238	0.8188094939
297	1.573908082	0.8188094939
298	1.56758542	0.8188094939
299	1.563433218	0.8188094939
300	1.5560852	0.8247702576
301	1.551081091	0.8247702576
302	1.543618638	0.8247702576
303	1.540382295	0.8247702576
304	1.535148705	0.8408770222
305	1.531657698	0.8408770222
306	1.526352544	0.8408770222
307	1.519464801	0.8408770222
308	1.506630926	0.8408770222
309	1.499305505	0.8452676098
310	1.497720661	0.8452676098
311	1.490948818	0.8452676098
312	1.484432284	0.8452676098
313	1.47858971	0.867316438
314	1.473467428	0.867316438
315	1.468659513	0.867316438
316	1.465488831	0.867316438
317	1.461396282	0.867316438
318	1.456907778	0.867316438
319	1.448502523	0.867316438
320	1.445385492	0.867316438
321	1.444085966	0.867316438
322	1.436493914	0.867316438
323	1.428464222	0.8752332797
324	1.42143706	0.8752332797
325	1.417862365	0.8752332797
326	1.414396694	0.8654923979
327	1.407678056	0.8752332797
328	1.403746495	0.8752332797
329	1.399908201	0.8654923979
330	1.39600907	0.8654923979
331	1.39336751	0.8654923979
332	1.393077985	0.8654923979
333	1.386546429	0.8752332797
334	1.379316158	0.8752332797
335	1.372430246	0.8752332797
336	1.368052737	0.8752332797
337	1.365039369	0.8752332797
338	1.360780405	0.8752332797
339	1.354020999	0.8841153488
340	1.351613667	0.8841153488
341	1.345260975	0.8841153488
342	1.342074846	0.8841153488
343	1.337486919	0.8841153488
344	1.332246144	0.8841153488
345	1.329086345	0.8841153488
346	1.325841765	0.8841153488
347	1.32029684	0.8841153488
348	1.316715936	0.8841153488
349	1.312065213	0.8841153488
350	1.308263419	0.8841153488
351	1.302777509	0.8841153488
352	1.296702561	0.88941079
353	1.288690962	0.88941079
354	1.284359214	0.88941079
355	1.278473831	0.88941079
356	1.272289294	0.9023104947
357	1.2702379	0.9023104947
358	1.267516501	0.9023104947
359	1.25833913	0.9023104947
360	1.252617803	0.9023104947
361	1.245862653	0.9023104947
362	1.241742833	0.9023104947
363	1.238628528	0.9023104947
364	1.23646337	0.9023104947
365	1.232352858	0.9023104947
366	1.227118764	0.9023104947
367	1.225858713	0.9023104947
368	1.22270753	0.9023104947
369	1.21806444	0.9023104947
370	1.213700132	0.9023104947
371	1.211525645	0.9023104947
372	1.2072465	0.9023104947
373	1.202936862	0.9023104947
374	1.200284779	0.9023104947
375	1.19568351	0.9023104947
376	1.191866088	0.9023104947
377	1.18535228	0.8805287209
378	1.181036312	0.8805287209
379	1.177669157	0.8805287209
380	1.174357827	0.8805287209
381	1.167752516	0.8805287209
382	1.16439012	0.8805287209
383	1.161231878	0.8805287209
384	1.155084655	0.8805287209
385	1.153018896	0.8805287209
386	1.149454889	0.8805287209
387	1.148270363	0.8805287209
388	1.142349859	0.8805287209
389	1.137481031	0.8934284257
390	1.13175894	0.8934284257
391	1.129009802	0.8934284257
392	1.125764633	0.8934284257
393	1.119854384	0.8934284257
394	1.117692161	0.8934284257
395	1.112716757	0.8934284257
396	1.109674229	0.8934284257
397	1.105725921	0.8934284257
398	1.103127799	0.8934284257
399	1.097491885	0.8934284257
400	1.090763971	0.8934284257
401	1.086764473	0.8934284257
402	1.085127687	0.8934284257
403	1.082399468	0.8934284257
404	1.076614771	0.8934284257
405	1.073712388	0.9037034917
406	1.069613717	0.9037034917
407	1.064058301	0.9037034917
408	1.056358868	0.9037034917
409	1.052823203	0.9037034917
410	1.04714782	0.9037034917
411	1.042041243	0.9037034917
412	1.038172293	0.9037034917
413	1.034380517	0.9037034917
414	1.033038742	0.9037034917
415	1.031190175	0.9037034917
416	1.026223664	0.9037034917
417	1.020328404	0.9037034917
418	1.016795848	0.9037034917
419	1.014243827	0.9037034917
420	1.011481671	0.9037034917
421	1.006923869	0.9037034917
422	1.003291941	0.9037034917
423	1.001046356	0.9037034917
424	0.9998194185	0.9037034917
425	0.9979955368	0.9037034917
426	0.9911066243	0.9037034917
427	0.9879724969	0.9037034917
428	0.986367441	0.9037034917
429	0.9845988308	0.9037034917
430	0.9805637838	0.9125855608
431	0.9739446385	0.9125855608
432	0.9705882796	0.9125855608
433	0.9661303847	0.9125855608
434	0.9615079307	0.9125855608
435	0.9592564595	0.9125855608
436	0.9579112153	0.9125855608
437	0.9547899826	0.9125855608
438	0.9502831001	0.9125855608
439	0.9484975037	0.9125855608
440	0.9448570347	0.9125855608
441	0.9402241681	0.9125855608
442	0.9358120874	0.9125855608
443	0.9300847829	0.9125855608
444	0.9286124133	0.9125855608
445	0.9257938642	0.9125855608
446	0.9241569816	0.9125855608
447	0.9196617379	0.9125855608
448	0.9155214464	0.9125855608
449	0.9139799684	0.9125855608
450	0.9097136594	0.9125855608
451	0.9069989499	0.9125855608
452	0.8983946877	0.9125855608
453	0.8941821302	0.9125855608
454	0.8930547268	0.9125855608
455	0.8899082789	0.9125855608
456	0.888348368	0.9125855608
457	0.8870833435	0.9125855608
458	0.8843266698	0.9125855608
459	0.8814101575	0.9125855608
460	0.8777140169	0.9125855608
461	0.8759070444	0.9125855608
462	0.8716570705	0.9125855608
463	0.870255062	0.9125855608
464	0.8682060784	0.9125855608
465	0.8644696331	0.9125855608
466	0.8607107153	0.9125855608
467	0.8569458402	0.9125855608
468	0.8534963967	0.9125855608
469	0.852026633	0.9125855608
470	0.8491510273	0.9125855608
471	0.8455705803	0.9125855608
472	0.8421439685	0.9125855608
473	0.8388644359	0.9125855608
474	0.8318855579	0.9125855608
475	0.8302561269	0.9125855608
476	0.826106131	0.9125855608
477	0.8190294037	0.93237164
478	0.8125438175	0.93237164
479	0.8073353694	0.9514933677
480	0.8045016197	0.9514933677
481	0.8023257649	0.9514933677
482	0.7991752153	0.9514933677
483	0.7967804214	0.9514933677
484	0.7924033244	0.9514933677
485	0.7906915498	0.9514933677
486	0.7873457665	0.9514933677
487	0.7819769447	0.9514933677
488	0.7803478632	0.9514933677
489	0.7786737817	0.9514933677
490	0.7740531862	0.9514933677
491	0.770896277	0.9514933677
492	0.7686343286	0.9514933677
493	0.7657375282	0.9514933677
494	0.7639029253	0.9514933677
495	0.7618245602	0.9514933677
496	0.7603867534	0.9514933677
497	0.7544195568	0.9514933677
498	0.7520257061	0.9514933677
499	0.7494235331	0.9514933677
500	0.7467275028	0.9514933677
501	0.7409116045	0.9654825851
502	0.7386850994	0.9654825851
503	0.7368739345	0.9654825851
504	0.7351892645	0.9654825851
505	0.7339334254	0.9654825851
506	0.7332957592	0.9654825851
507	0.7282765967	0.9696241298
508	0.725958746	0.9696241298
509	0.7241472754	0.9696241298
510	0.7215071925	0.9696241298
511	0.7188528697	0.9696241298
512	0.7181168682	0.9696241298
513	0.7134716463	0.9696241298
514	0.7090866006	0.9696241298
515	0.7080961108	0.9696241298
516	0.7068808485	0.9696241298
517	0.7042073832	0.9696241298
518	0.7019896087	0.9696241298
519	0.7006569911	0.9696241298
520	0.6986866693	0.9696241298
521	0.6959101274	0.9696241298
522	0.6900801473	0.9696241298
523	0.6861016507	0.9696241298
524	0.6838869102	0.9696241298
525	0.6814298104	0.9696241298
526	0.6802351018	0.9696241298
527	0.6760793241	0.9696241298
528	0.674880225	0.9696241298
529	0.6722162964	0.9696241298
530	0.6685374587	0.9696241298
531	0.6633278091	0.9696241298
532	0.6625052512	0.9696241298
533	0.6604084836	0.9711592953
534	0.6596149676	0.9711592953
535	0.6589569443	0.9711592953
536	0.6578922509	0.9711592953
537	0.6534218126	0.9711592953
538	0.6527458499	0.9711592953
539	0.6462068574	0.9696241298
540	0.6444492969	0.9711592953
541	0.6432391813	0.9711592953
542	0.6423102151	0.9711592953
543	0.64046948	0.9711592953
544	0.6365642883	0.9711592953
545	0.6340977756	0.9711592953
546	0.6318463682	0.9711592953
547	0.6299337593	0.9711592953
548	0.6278949639	0.9696241298
549	0.6267896852	0.9696241298
550	0.6246489488	0.9711592953
551	0.623600783	0.9711592953
552	0.6183783515	0.9711592953
553	0.6173391553	0.9711592953
554	0.613724094	0.9711592953
555	0.6121319018	0.9711592953
556	0.6109713198	0.9711592953
557	0.6104555826	0.9711592953
558	0.6094963331	0.9711592953
559	0.608901103	0.9711592953
560	0.6080750616	0.9711592953
561	0.6073421859	0.9711592953
562	0.606411221	0.9711592953
563	0.6004146671	0.9711592953
564	0.5986220952	0.9711592953
565	0.59527519	0.9711592953
566	0.5927396406	0.9711592953
567	0.5890749533	0.9711592953
568	0.587595159	0.9711592953
569	0.5825168643	0.9711592953
570	0.579625037	0.9711592953
571	0.5748677337	0.9711592953
572	0.5736267507	0.9711592953
573	0.5690197479	0.9711592953
574	0.5673757594	0.9711592953
575	0.5664446473	0.9711592953
576	0.5654102055	0.9711592953
577	0.5638935019	0.9711592953
578	0.5623496583	0.9711592953
579	0.5617995074	0.9711592953
580	0.5606742331	0.9711592953
581	0.5590270246	0.9711592953
582	0.5584058057	0.9711592953
583	0.556483116	0.9711592953
584	0.554002374	0.9830990373
585	0.5531644372	0.9830990373
586	0.5496089695	0.9830990373
587	0.5453430915	0.9830990373
588	0.5445825815	0.9830990373
589	0.5404241185	0.9830990373
590	0.5387683014	0.9830990373
591	0.5345671021	0.9830990373
592	0.5302605302	0.9830990373
593	0.5294671403	0.9830990373
594	0.5261076644	0.9830990373
595	0.5235932493	0.9830990373
596	0.5229090387	0.9830990373
597	0.5220258736	0.9830990373
598	0.5177556299	0.9830990373
599	0.5159333162	0.9830990373
600	0.5129244846	0.9830990373
601	0.5092099979	0.9830990373
602	0.5065457279	0.9830990373
603	0.5048974093	0.9830990373
604	0.5010655823	0.9830990373
605	0.4999207136	0.9830990373
606	0.4991648756	0.9830990373
607	0.495277708	0.9830990373
608	0.4929666215	0.9830990373
609	0.488539579	0.9830990373
610	0.4878686026	0.9830990373
611	0.485457223	0.9830990373
612	0.4836232888	0.9830990373
613	0.4810568062	0.9830990373
614	0.4784721009	0.9830990373
615	0.4778432736	0.9830990373
616	0.4766091109	0.9830990373
617	0.4754437574	0.9830990373
618	0.4726257882	0.9830990373
619	0.4718249563	0.9830990373
620	0.4698738958	0.9830990373
621	0.469002993	0.9830990373
622	0.4682498496	0.9830990373
623	0.4647104577	0.9830990373
624	0.4608059072	0.9830990373
625	0.4572271893	0.9830990373
626	0.456741084	0.9830990373
627	0.4533434954	0.9830990373
628	0.4531353084	0.9830990373
629	0.4495909456	0.9830990373
630	0.4472449603	0.9830990373
631	0.4458940513	0.9830990373
632	0.4435558744	0.9830990373
633	0.4426809037	0.9830990373
634	0.4402298121	0.9830990373
635	0.439126062	0.9830990373
636	0.4380781796	0.9830990373
637	0.436380389	0.9830990373
638	0.4360385413	0.9830990373
639	0.4347191746	0.9830990373
640	0.4308125714	0.9830990373
641	0.4291730291	0.9830990373
642	0.4267679473	0.9830990373
643	0.4254381202	0.9830990373
644	0.4229147156	0.9830990373
645	0.4221008749	0.9830990373
646	0.4204000861	0.9830990373
647	0.42000845	0.9830990373
648	0.4183358608	0.9830990373
649	0.4164161541	0.9830990373
650	0.4140695302	0.9830990373
651	0.4113931725	0.9830990373
652	0.4105766971	0.9830990373
653	0.4082137667	0.9830990373
654	0.4049840825	0.9830990373
655	0.4036177267	0.9830990373
656	0.4028639077	0.9830990373
657	0.401274817	0.9830990373
658	0.4003141357	0.9830990373
659	0.3983941051	0.9830990373
660	0.3977171969	0.9830990373
661	0.3968729444	0.9830990373
662	0.3957761525	0.9830990373
663	0.3940485601	0.9830990373
664	0.3928921864	0.9830990373
665	0.3905166326	0.9830990373
666	0.3892114688	0.9830990373
667	0.388612829	0.9830990373
668	0.3859534552	0.9830990373
669	0.3848845109	0.9830990373
670	0.3824633287	0.9830990373
671	0.3807268361	0.9830990373
672	0.3792279515	0.9830990373
673	0.3781374442	0.9830990373
674	0.375721458	0.9830990373
675	0.3746257579	0.9830990373
676	0.3726203808	0.9830990373
677	0.3723527278	0.9830990373
678	0.370546459	0.9830990373
679	0.3702803065	0.9830990373
680	0.3675047016	0.9830990373
681	0.3668121358	0.9830990373
682	0.3658117022	0.9830990373
683	0.3646547392	0.9830990373
684	0.3626510293	0.9830990373
685	0.3610944243	0.9830990373
686	0.3588637859	0.9830990373
687	0.3561257329	0.9830990373
688	0.3546059541	0.9830990373
689	0.3531367189	0.9830990373
690	0.3524740979	0.9830990373
691	0.3504673984	0.9830990373
692	0.3499018217	0.9830990373
693	0.348322323	0.9830990373
694	0.3467693622	0.9830990373
695	0.3458149073	0.9830990373
696	0.3431876185	0.9830990373
697	0.3429801473	0.9830990373
698	0.3422972019	0.9830990373
699	0.3417117628	0.9830990373
700	0.3408994286	0.9830990373
701	0.3392549232	0.9830990373
702	0.3386070926	0.9830990373
703	0.3380814389	0.9830990373
704	0.3368576793	0.9830990373
705	0.3359935454	0.9830990373
706	0.3351742849	0.9830990373
707	0.3348711747	0.9830990373
708	0.3336768673	0.9830990373
709	0.3327135113	0.9830990373
710	0.3325639528	0.9830990373
711	0.3301471806	0.9830990373
712	0.3297186561	0.9830990373
713	0.3289357217	0.9830990373
714	0.3283220997	0.9830990373
715	0.3271573051	0.9830990373
716	0.3263340895	0.9830990373
717	0.3260617867	0.9830990373
718	0.3255199996	0.9830990373
719	0.3240816787	0.9830990373
720	0.3234114924	0.9830990373
721	0.322172841	0.9830990373
722	0.3217595158	0.9830990373
723	0.3212934649	0.9830990373
724	0.3194423214	0.9830990373
725	0.3190636793	0.9830990373
726	0.3180001629	0.9830990373
727	0.3170709934	0.9830990373
728	0.3159249838	0.9830990373
729	0.3155516907	0.9830990373
730	0.3152007188	0.9830990373
731	0.3147937051	0.9830990373
732	0.3137409164	0.9830990373
733	0.3131046753	0.9830990373
734	0.3124710356	0.9830990373
735	0.3105421338	0.9830990373
736	0.3086806455	0.9830990373
737	0.3079802232	0.9830990373
738	0.307666576	0.9830990373
739	0.3062441693	0.9830990373
740	0.3047436221	0.9830990373
741	0.3044497455	0.9830990373
742	0.3028235668	0.9830990373
743	0.3024538308	0.9830990373
744	0.3015226014	0.9830990373
745	0.300891941	0.9830990373
746	0.3004260664	0.9830990373
747	0.3000934431	0.9830990373
748	0.2998093908	0.9830990373
749	0.2993587138	0.9830990373
750	0.2972898503	0.9830990373
751	0.2962005585	0.9830990373
752	0.2947527834	0.9830990373
753	0.2942804808	0.9830990373
754	0.2934080646	0.9830990373
755	0.2922172427	0.9830990373
756	0.291265796	0.9830990373
757	0.2902797593	0.9830990373
758	0.2897517315	0.9830990373
759	0.2880652942	0.9830990373
760	0.2866718315	0.9830990373
761	0.2849581722	0.9830990373
762	0.2834887845	0.9830990373
763	0.2820348587	0.9830990373
764	0.2813533602	0.9830990373
765	0.2802704675	0.9830990373
766	0.2800396155	0.9830990373
767	0.2792057836	0.9830990373
768	0.2779757573	0.9830990373
769	0.2773130444	0.9830990373
770	0.2769339494	0.9830990373
771	0.2764776462	0.9830990373
772	0.2755611696	0.9830990373
773	0.2751901497	0.9830990373
774	0.2733024841	0.9830990373
775	0.2730134882	0.9830990373
776	0.2720938536	0.9830990373
777	0.2714600612	0.9830990373
778	0.2705827115	0.9830990373
779	0.270244122	0.9830990373
780	0.2684588841	0.9859170343
781	0.2671147828	0.9859170343
782	0.2663074524	0.9859170343
783	0.265627563	0.9859170343
784	0.2653223752	0.9859170343
785	0.2650524442	0.9859170343
786	0.2638223162	0.9859170343
787	0.2634544717	0.9859170343
788	0.2627975906	0.9859170343
789	0.2624327296	0.9859170343
790	0.2619931034	0.9859170343
791	0.2607672485	0.9859170343
792	0.2604248391	0.9859170343
793	0.2599386173	0.9859170343
794	0.2594275751	0.9859170343
795	0.2589001364	0.9859170343
796	0.2576400512	0.9859170343
797	0.2571089553	0.9859170343
798	0.2565932384	0.9859170343
799	0.2559710203	0.9859170343
800	0.2554704843	0.9859170343
801	0.25470282	0.9859170343
802	0.2529919395	0.9859170343
803	0.2522835661	0.9859170343
804	0.2517265842	0.9859170343
805	0.2513628584	0.9870768187
806	0.2511001628	0.9870768187
807	0.2506175041	0.9870768187
808	0.2500373506	0.9870768187
809	0.2495777455	0.9870768187
810	0.2490721495	0.9870768187
811	0.2487597349	0.9870768187
812	0.2484654463	0.9870768187
813	0.2482743021	0.9870768187
814	0.2478363778	0.9870768187
815	0.2474099583	0.9870768187
816	0.2470691993	0.9870768187
817	0.2463112337	0.9870768187
818	0.2461219034	0.9870768187
819	0.2458478005	0.9870768187
820	0.2449395536	0.9870768187
821	0.2439548313	0.9870768187
822	0.2425482147	0.9870768187
823	0.2422961759	0.9870768187
824	0.2419156997	0.9870768187
825	0.2409754272	0.9870768187
826	0.2405594811	0.9870768187
827	0.2401628779	0.9870768187
828	0.239308675	0.9870768187
829	0.238653916	0.9870768187
830	0.2384601783	0.9870768187
831	0.2383200217	0.9870768187
832	0.2381423377	0.9870768187
833	0.2375056244	0.9870768187
834	0.2372294863	0.9870768187
835	0.2367270642	0.9870768187
836	0.2362166514	0.9870768187
837	0.23546714	0.9870768187
838	0.2352531121	0.9870768187
839	0.2340515625	0.9870768187
840	0.2335130148	0.9870768187
841	0.232605512	0.9870768187
842	0.2319972012	0.9870768187
843	0.2314271567	0.9870768187
844	0.2308991192	0.9870768187
845	0.2305745259	0.9870768187
846	0.2303989519	0.9870768187
847	0.2294961124	0.9870768187
848	0.2277658692	0.9870768187
849	0.2275846469	0.9870768187
850	0.2267353129	0.9870768187
851	0.2263208238	0.9870768187
852	0.2259895904	0.9870768187
853	0.2251805588	0.9870768187
854	0.2250245609	0.9870768187
855	0.2248509193	0.9870768187
856	0.2245081643	0.9870768187
857	0.2243371792	0.9870768187
858	0.2241601786	0.9870768187
859	0.2233778504	0.9870768187
860	0.2232789586	0.9870768187
861	0.2225768113	0.9870768187
862	0.2217234867	0.9870768187
863	0.2207695806	0.9870768187
864	0.2202521808	0.9870768187
865	0.2195508582	0.9870768187
866	0.2191332718	0.9870768187
867	0.2190211806	0.9870768187
868	0.2182853373	0.9870768187
869	0.217775854	0.9870768187
870	0.2168367441	0.9870768187
871	0.2162191848	0.9870768187
872	0.215889767	0.9870768187
873	0.2155809921	0.987992812
874	0.2154118941	0.987992812
875	0.2146283261	0.9893665869
876	0.2143340613	0.9893665869
877	0.213982951	0.9893665869
878	0.2138116626	0.9893665869
879	0.2131792737	0.9893665869
880	0.2129871533	0.9893665869
881	0.2121205665	0.9893665869
882	0.2117056808	0.9893665869
883	0.2114217829	0.9893665869
884	0.2111329147	0.9893665869
885	0.2109539726	0.9893665869
886	0.2108692249	0.9893665869
887	0.2102459873	0.9893665869
888	0.2095877183	0.9893665869
889	0.2093518089	0.9893665869
890	0.209182082	0.9893665869
891	0.2084953202	0.9893665869
892	0.2081059585	0.9893665869
893	0.2068630726	0.9893665869
894	0.2067175858	0.9893665869
895	0.206066301	0.9893665869
896	0.2059540553	0.9893665869
897	0.2053710044	0.9893665869
898	0.2052727647	0.9893665869
899	0.2049162155	0.9893665869
900	0.2046506266	0.9893665869
901	0.2042210121	0.9893665869
902	0.2039682184	0.9893665869
903	0.2035671678	0.9893665869
904	0.2033701872	0.9893665869
905	0.2030567863	0.9893665869
906	0.2027011943	0.9893665869
907	0.2025443482	0.9893665869
908	0.2018912819	0.9893665869
909	0.2015157586	0.9893665869
910	0.2012524215	0.9893665869
911	0.2003596063	0.9893665869
912	0.1991998138	0.9893665869
913	0.1988886823	0.9893665869
914	0.1983023252	0.9893665869
915	0.1976178078	0.9893665869
916	0.1972315672	0.9893665869
917	0.1970166559	0.9893665869
918	0.1962840956	0.9893665869
919	0.1960208014	0.9893665869
920	0.1955269659	0.9893665869
921	0.1952223033	0.9893665869
922	0.1949857424	0.9893665869
923	0.1946304798	0.9893665869
924	0.1945293831	0.9893665869
925	0.1943553647	0.9893665869
926	0.194144075	0.9893665869
927	0.1939011593	0.9893665869
928	0.1934207733	0.9893665869
929	0.1930572176	0.9893665869
930	0.1926866596	0.9893665869
931	0.1922282444	0.9893665869
932	0.1920345715	0.9893665869
933	0.1916329369	0.9893665869
934	0.1905111702	0.9893665869
935	0.1901746957	0.9893665869
936	0.1900409036	0.9893665869
937	0.1894763185	0.9893665869
938	0.1892660306	0.9893665869
939	0.1886865396	0.9893665869
940	0.1884262382	0.9893665869
941	0.1877164152	0.9893665869
942	0.1873539425	0.9893665869
943	0.1867716534	0.9893665869
944	0.1863831255	0.9893665869
945	0.1862179744	0.9893665869
946	0.1855265287	0.9893665869
947	0.1853333512	0.9893665869
948	0.1852678524	0.9893665869
949	0.1846344074	0.9893665869
950	0.1842978502	0.9893665869
951	0.1836775464	0.9893665869
952	0.1832591711	0.9893665869
953	0.1829954238	0.9893665869
954	0.1823606073	0.990767682
955	0.1821626433	0.990767682
956	0.1819985405	0.990767682
957	0.181792795	0.990767682
958	0.1811834715	0.990767682
959	0.1805694259	0.990767682
960	0.180346242	0.990767682
961	0.1799896258	0.990767682
962	0.1798935809	0.990767682
963	0.1796784851	0.990767682
964	0.1790399891	0.990767682
965	0.1787200882	0.990767682
966	0.178369823	0.990767682
967	0.1782557592	0.990767682
968	0.1780553279	0.990767682
969	0.1772909945	0.990767682
970	0.1769176165	0.990767682
971	0.1767390458	0.990767682
972	0.1763621594	0.990767682
973	0.1762290694	0.990767682
974	0.176024181	0.990767682
975	0.1758244533	0.990767682
976	0.1754999091	0.990767682
977	0.1753475404	0.990767682
978	0.1751167463	0.990767682
979	0.1749417665	0.990767682
980	0.1745977318	0.990767682
981	0.1736741091	0.990767682
982	0.1735139908	0.990767682
983	0.1734085348	0.990767682
984	0.1729606077	0.990767682
985	0.1727410794	0.990767682
986	0.1724891693	0.990767682
987	0.1723724893	0.990767682
988	0.1720616718	0.990767682
989	0.1717971824	0.990767682
990	0.1716011851	0.990767682
991	0.171366964	0.990767682
992	0.1708727882	0.990767682
993	0.1705268156	0.990767682
994	0.170414782	0.990767682
995	0.1697467643	0.990767682
996	0.1694107065	0.990767682
997	0.1691276064	0.990767682
998	0.1690232769	0.990767682
999	0.1687324194	0.990767682
1000	0.1682779877	0.990767682
1001	0.1681762902	0.990767682
1002	0.1680055003	0.990767682
1003	0.1676684011	0.990767682
1004	0.1675771751	0.990767682
1005	0.1674797612	0.990767682
1006	0.1671160483	0.990767682
1007	0.1668363365	0.990767682
1008	0.1666063226	0.990767682
1009	0.1659960024	0.990767682
1010	0.1656713416	0.990767682
1011	0.1652692347	0.990767682
1012	0.1650746657	0.990767682
1013	0.1649290218	0.990767682
1014	0.1648383086	0.990767682
1015	0.1646637787	0.990767682
1016	0.1645248307	0.990767682
1017	0.1638960968	0.990767682
1018	0.1637979382	0.990767682
1019	0.1634547997	0.990767682
1020	0.1632761984	0.990767682
1021	0.1628181474	0.990767682
1022	0.1624943738	0.990767682
1023	0.1623143287	0.990767682
1024	0.1621655876	0.990767682
1025	0.1618372251	0.990767682
1026	0.161667262	0.990767682
1027	0.1614195091	0.990767682
1028	0.1612185427	0.990767682
1029	0.1607937353	0.990767682
1030	0.1606574318	0.990767682
1031	0.1604939681	0.990767682
1032	0.1602269602	0.990767682
1033	0.1597023787	0.990767682
1034	0.1593942739	0.990767682
1035	0.1592250756	0.990767682
1036	0.1590954895	0.990767682
1037	0.1589831356	0.990767682
1038	0.1587541217	0.990767682
1039	0.158493869	0.990767682
1040	0.158241181	0.990767682
1041	0.1581150247	0.990767682
1042	0.1574235392	0.990767682
1043	0.1571377351	0.990767682
1044	0.1566082264	0.990767682
1045	0.1563702517	0.990767682
1046	0.1561523814	0.990767682
1047	0.1557566929	0.990767682
1048	0.1553350375	0.990767682
1049	0.1550122197	0.990767682
1050	0.1549064812	0.990767682
1051	0.1547473957	0.990767682
1052	0.1546764256	0.990767682
1053	0.1544824547	0.990767682
1054	0.1541867165	0.990767682
1055	0.1538977377	0.990767682
1056	0.1534907704	0.990767682
1057	0.1533398603	0.990767682
1058	0.1528691016	0.990767682
1059	0.1527241325	0.990767682
1060	0.1525537442	0.990767682
1061	0.1523742129	0.990767682
1062	0.1520611359	0.990767682
1063	0.1519004623	0.990767682
1064	0.151283907	0.990767682
1065	0.1510760249	0.990767682
1066	0.150858746	0.990767682
1067	0.1506518108	0.990767682
1068	0.1502450578	0.990767682
1069	0.1500036934	0.990767682
1070	0.1498939818	0.990767682
1071	0.1497577364	0.990767682
1072	0.1496364624	0.990767682
1073	0.1494691233	0.990767682
1074	0.1490405605	0.990767682
1075	0.1489044642	0.990767682
1076	0.1485383407	0.990767682
1077	0.1481907515	0.990767682
1078	0.1479866125	0.990767682
1079	0.1479053702	0.990767682
1080	0.1476660176	0.990767682
1081	0.1474028602	0.990767682
1082	0.1471889465	0.990767682
1083	0.1469367892	0.990767682
1084	0.1468110088	0.990767682
1085	0.146577274	0.990767682
1086	0.1462863441	0.990767682
1087	0.1460794855	0.990767682
1088	0.1457262166	0.990767682
1089	0.1455102007	0.990767682
1090	0.1454499455	0.990767682
1091	0.1453493705	0.990767682
1092	0.1448283833	0.990767682
1093	0.1447599705	0.990767682
1094	0.1446014751	0.990767682
1095	0.1444303482	0.990767682
1096	0.1442971919	0.990767682
1097	0.1441113459	0.990767682
1098	0.1435720969	0.990767682
1099	0.1434825029	0.990767682
1100	0.1432636624	0.990767682
1101	0.1429867901	0.990767682
1102	0.1425963829	0.990767682
1103	0.1424394934	0.990767682
1104	0.1424018236	0.990767682
1105	0.1422784082	0.990767682
1106	0.1421748404	0.990767682
1107	0.142021249	0.990767682
1108	0.1417332216	0.990767682
1109	0.1415829306	0.990767682
1110	0.1414461695	0.990767682
1111	0.1411748364	0.990767682
1112	0.1408238523	0.990767682
1113	0.1406460848	0.990767682
1114	0.1400901997	0.990767682
1115	0.1399097675	0.9929444984
1116	0.1398277931	0.9929444984
1117	0.1395882198	0.9929444984
1118	0.1395247804	0.9929444984
1119	0.1392184986	0.9929444984
1120	0.1390562464	0.9929444984
1121	0.1384699925	0.9966241249
1122	0.1380583891	0.9966241249
1123	0.1379395741	0.9966241249
1124	0.1377859685	0.9966241249
1125	0.1375536791	0.9966241249
1126	0.1372486622	0.9966241249
1127	0.137210936	0.9966241249
1128	0.1369530656	0.9966241249
1129	0.1368771343	0.9966241249
1130	0.1366772063	0.9966241249
1131	0.1363808658	0.9966241249
1132	0.1360707772	0.9966241249
1133	0.1360009822	0.9966241249
1134	0.1358878916	0.9966241249
1135	0.1358096177	0.9966241249
1136	0.1356793939	0.9966241249
1137	0.1354822648	0.9966241249
1138	0.1349796015	0.9966241249
1139	0.1348882576	0.9966241249
1140	0.1347109307	0.9966241249
1141	0.1345042718	0.9966241249
1142	0.1342724784	0.9966241249
1143	0.134018085	0.9966241249
1144	0.1338674533	0.9966241249
1145	0.1337478001	0.9966241249
1146	0.1336123163	0.9966241249
1147	0.1334275291	0.9966241249
1148	0.1333194647	0.9966241249
1149	0.1330956804	0.9966241249
1150	0.1325191901	0.9966241249
1151	0.1323280396	0.9966241249
1152	0.1322608732	0.9966241249
1153	0.1321738007	0.9966241249
1154	0.1321173395	0.9966241249
1155	0.1320553712	0.9966241249
1156	0.1319491772	0.9966241249
1157	0.1317739965	0.9966241249
1158	0.1315495053	0.9966241249
1159	0.1314241451	0.9966241249
1160	0.1313495496	0.9966241249
1161	0.1312627146	0.9966241249
1162	0.1311540525	0.9966241249
1163	0.1310722084	0.9966241249
1164	0.1310057335	0.9966241249
1165	0.1305131511	0.9966241249
1166	0.1304419514	0.9966241249
1167	0.1303426146	0.9966241249
1168	0.1298572854	0.9966241249
1169	0.1296827034	0.9966241249
1170	0.129522169	0.9966241249
1171	0.1294106207	0.9966241249
1172	0.1289337331	0.9966241249
1173	0.1288637288	0.9966241249
1174	0.1286925195	0.9966241249
1175	0.1284830938	0.9966241249
1176	0.128365601	0.9966241249
1177	0.1282705951	0.9966241249
1178	0.1282325696	0.9966241249
1179	0.127775129	0.9966241249
1180	0.1276552336	0.9966241249
1181	0.1272964226	0.9966241249
1182	0.1270586932	0.9966241249
1183	0.1268578471	0.9966241249
1184	0.1266304917	0.9966241249
1185	0.1264622451	0.9966241249
1186	0.1262568964	0.9966241249
1187	0.1259987147	0.9966241249
1188	0.1258677098	0.9966241249
1189	0.1257282441	0.9966241249
1190	0.1256428791	0.9966241249
1191	0.1255540112	0.9966241249
1192	0.1254150799	0.9966241249
1193	0.1252133322	0.9966241249
1194	0.1248818823	0.9966241249
1195	0.1247026123	0.9966241249
1196	0.1241060624	0.9966241249
1197	0.1240228147	0.9966241249
1198	0.1236737538	0.9966241249
1199	0.1235392577	0.9966241249
1200	0.1233869873	0.9966241249
1201	0.1233226893	0.9966241249
1202	0.1231769291	0.9966241249
1203	0.1231119793	0.9966241249
1204	0.1230528976	0.9966241249
1205	0.1229025283	0.9966241249
1206	0.1224810467	0.9966241249
1207	0.1221570022	0.9966241249
1208	0.122083418	0.9966241249
1209	0.1216678129	0.9966241249
1210	0.1215891215	0.9966241249
1211	0.1214864389	0.9966241249
1212	0.1213656801	0.9966241249
1213	0.121159403	0.9966241249
1214	0.1210504054	0.9966241249
1215	0.1210096064	0.9966241249
1216	0.1208495492	0.9966241249
1217	0.1207475789	0.9966241249
1218	0.1206318214	0.9966241249
1219	0.1202068144	0.9966241249
1220	0.1200119015	0.9966241249
1221	0.119936783	0.9966241249
1222	0.1197125761	0.9966241249
1223	0.1196178426	0.9966241249
1224	0.1195345971	0.9966241249
1225	0.119368536	0.9966241249
1226	0.1192512319	0.9966241249
1227	0.1191005173	0.9966241249
1228	0.1189557815	0.9966241249
1229	0.1186220629	0.9966241249
1230	0.1183965392	0.9966241249
1231	0.118332352	0.9966241249
1232	0.1180205148	0.9966241249
1233	0.1178860348	0.9966241249
1234	0.1177924129	0.9966241249
1235	0.1174838361	0.9966241249
1236	0.1172453347	0.9966241249
1237	0.1168594926	0.9966241249
1238	0.1165773783	0.9966241249
1239	0.1163963243	0.9966241249
1240	0.1163670309	0.9966241249
1241	0.1161903554	0.9966241249
1242	0.1160594903	0.9966241249
1243	0.1157757234	0.9966241249
1244	0.11543076	0.9966241249
1245	0.1153161114	0.9966241249
1246	0.1152309616	0.9966241249
1247	0.1151868405	0.9966241249
1248	0.1150940188	0.9966241249
1249	0.1150352957	0.9966241249
1250	0.1149513744	0.9966241249
1251	0.1147882116	0.9966241249
1252	0.114751645	0.9966241249
1253	0.1145179292	0.9966241249
1254	0.1140989572	0.9966241249
1255	0.1140672451	0.9966241249
1256	0.1137089765	0.9966241249
1257	0.1136015588	0.9966241249
1258	0.1134980475	0.9966241249
1259	0.1132909228	0.9966241249
1260	0.1131154649	0.9966241249
1261	0.11289104	0.9966241249
1262	0.1127399138	0.9966241249
1263	0.1125485305	0.9966241249
1264	0.1121352762	0.9966241249
1265	0.1120576491	0.9966241249
1266	0.1120172704	0.9966241249
1267	0.1118305333	0.9966241249
1268	0.1116571103	0.9966241249
1269	0.1115561193	0.9966241249
1270	0.1114839471	0.9966241249
1271	0.1112502472	0.9966241249
1272	0.1111713476	0.9966241249
1273	0.1111147349	0.9966241249
1274	0.1109787019	0.9966241249
1275	0.1107908043	0.9966241249
1276	0.110631385	0.9966241249
1277	0.1102888423	0.9966241249
1278	0.1101159241	0.9966241249
1279	0.1100037556	0.9966241249
1280	0.1098112467	0.9966241249
1281	0.1097340061	0.9966241249
1282	0.1096423098	0.9966241249
1283	0.1095938442	0.9966241249
1284	0.109537627	0.9966241249
1285	0.1094161851	0.9966241249
1286	0.1093044094	0.9966241249
1287	0.1091506315	0.9966241249
1288	0.1089507945	0.9966241249
1289	0.1088632302	0.9966241249
1290	0.1084899752	0.9966241249
1291	0.1081803404	0.9966241249
1292	0.108097811	0.9966241249
1293	0.1080317925	0.9966241249
1294	0.1079489628	0.9966241249
1295	0.1075983215	0.9966241249
1296	0.107465142	0.9966241249
1297	0.1072197588	0.9966241249
1298	0.107144973	0.9966241249
1299	0.1069980891	0.9966241249
1300	0.1069041457	0.9966241249
1301	0.1068627306	0.9966241249
1302	0.1064757487	0.9966241249
1303	0.1063951562	0.9966241249
1304	0.105924457	0.9966241249
1305	0.1058835293	0.9966241249
1306	0.105798105	0.9966241249
1307	0.1057329145	0.9966241249
1308	0.1056391207	0.9966241249
1309	0.105352061	0.9979680985
1310	0.1052419325	0.9979680985
1311	0.1051296382	0.9979680985
1312	0.1049514411	0.9979680985
1313	0.104892157	0.9979680985
1314	0.1048557406	0.9979680985
1315	0.1047180435	0.9979680985
1316	0.1043885556	0.9979680985
1317	0.1041986057	0.9979680985
1318	0.1040378931	0.9979680985
1319	0.1039515044	0.9979680985
1320	0.1038736632	0.9979680985
1321	0.1038261264	0.9979680985
1322	0.1037536916	0.9979680985
1323	0.1034966758	0.9979680985
1324	0.1031224464	0.9979680985
1325	0.1030764223	0.9979680985
1326	0.1027615797	0.9979680985
1327	0.1027428889	0.9979680985
1328	0.1026458555	0.9979680985
1329	0.1025102337	0.9979680985
1330	0.1023560254	0.9979680985
1331	0.102189727	0.9979680985
1332	0.1019874049	0.9979680985
1333	0.1017551145	0.9979680985
1334	0.1015032449	0.9979680985
1335	0.1012406209	0.9979680985
1336	0.1008382351	0.9979680985
1337	0.1008100316	0.9979680985
1338	0.1007061117	0.9979680985
1339	0.1004307791	0.9979680985
1340	0.1004128784	0.9979680985
1341	0.1002130379	0.9979680985
1342	0.100040826	0.9979680985
1343	0.0999793827	0.9979680985
1344	0.0998992369	0.9979680985
1345	0.09983048366	0.9979680985
1346	0.09940345187	0.9979680985
1347	0.09920157166	0.9979680985
1348	0.09896361542	0.9979680985
1349	0.09892584195	0.9979680985
1350	0.09868488575	0.9979680985
1351	0.09845388093	0.9979680985
1352	0.0983691147	0.9979680985
1353	0.0983191678	0.9979680985
1354	0.09821862191	0.9979680985
1355	0.0981502503	0.9979680985
1356	0.0979393413	0.9979680985
1357	0.09758253422	0.9979680985
1358	0.09749628618	0.9979680985
1359	0.09714287719	0.9979680985
1360	0.09708223414	0.9979680985
1361	0.09695415893	0.9979680985
1362	0.09660576062	0.9979680985
1363	0.09655221245	0.9979680985
1364	0.09624651318	0.9979680985
1365	0.09609900753	0.9979680985
1366	0.09599647169	0.9979680985
1367	0.09551304396	0.9979680985
1368	0.09546410252	0.9979680985
1369	0.09533147195	0.9979680985
1370	0.09507995089	0.9979680985
1371	0.09505092237	0.9979680985
1372	0.09486458554	0.9979680985
1373	0.09483832097	0.9979680985
1374	0.0947930553	0.9979680985
1375	0.09425476479	0.9979680985
1376	0.09400310824	0.9979680985
1377	0.09397319032	0.9979680985
1378	0.09375358918	0.9979680985
1379	0.0936324753	0.9979680985
1380	0.0935106616	0.9979680985
1381	0.0931746735	0.9979680985
1382	0.09304738531	0.9979680985
1383	0.09294223108	0.9979680985
1384	0.09287029644	0.9979680985
1385	0.09274382377	0.9979680985
1386	0.09270212472	0.9979680985
1387	0.09263386658	0.9979680985
1388	0.09250948934	0.9979680985
1389	0.09247148725	0.9979680985
1390	0.09235668561	0.9979680985
1391	0.09214117585	0.9979680985
1392	0.09210048407	0.9979680985
1393	0.09202327066	0.9979680985
1394	0.09190646204	0.9979680985
1395	0.09185076219	0.9979680985
1396	0.09176854909	0.9979680985
1397	0.09172321443	0.9979680985
1398	0.09122278251	0.9979680985
1399	0.09073333702	0.9979680985
1400	0.09040648913	0.9979680985
1401	0.09027919048	0.9979680985
1402	0.09007321914	0.9979680985
1403	0.08980838849	0.9979680985
1404	0.08946898661	0.9979680985
1405	0.08914516365	0.9979680985
1406	0.0891032715	0.9979680985
1407	0.08905124851	0.9979680985
1408	0.0889831197	0.9979680985
1409	0.08893755652	0.9979680985
1410	0.08862137061	0.9979680985
1411	0.08828821596	0.9979680985
1412	0.08822931871	0.9979680985
1413	0.08791639226	0.9979680985
1414	0.08761106721	0.9979680985
1415	0.08728431119	0.9979680985
1416	0.08717870377	0.9979680985
1417	0.08708211073	0.9979680985
1418	0.08704329738	0.9979680985
1419	0.08695524512	0.9979680985
1420	0.08684276186	0.9979680985
1421	0.08663992341	0.9979680985
1422	0.08651855829	0.9979680985
1423	0.086471607	0.9979680985
1424	0.08630239006	0.9979680985
1425	0.08626449067	0.9979680985
1426	0.08615772458	0.9979680985
1427	0.08606272149	0.9979680985
1428	0.08602129855	0.9979680985
1429	0.08597160636	0.9979680985
1430	0.08587919214	0.9979680985
1431	0.08575462818	0.9979680985
1432	0.08567190078	0.9979680985
1433	0.08552260141	0.9979680985
1434	0.08515984162	0.9979680985
1435	0.08502422419	0.9979680985
1436	0.08494412341	0.9979680985
1437	0.08483483033	0.9979680985
1438	0.08463033502	0.9979680985
1439	0.08433236748	0.9979680985
1440	0.08429368334	0.9979680985
1441	0.08399918785	0.9979680985
1442	0.08386999575	0.9979680985
1443	0.08385318677	0.9979680985
1444	0.08370855011	0.9979680985
1445	0.08352040716	0.9979680985
1446	0.08341781489	0.9979680985
1447	0.08333652054	0.9979680985
1448	0.08311473649	0.9979680985
1449	0.08298625314	0.9979680985
1450	0.08291467131	0.9979680985
1451	0.08285970055	0.9979680985
1452	0.08267272619	0.9979680985
1453	0.08224636147	0.9979680985
1454	0.08221459373	0.9979680985
1455	0.08202440793	0.9979680985
1456	0.08173611523	0.9979680985
1457	0.08161819904	0.9979680985
1458	0.0813372541	0.9979680985
1459	0.08116628092	0.9979680985
1460	0.08105931387	0.9979680985
1461	0.08091336813	0.9979680985
1462	0.08083484783	0.9979680985
1463	0.08071631671	0.9979680985
1464	0.0806362651	0.9979680985
1465	0.08056498915	0.9979680985
1466	0.0804558057	0.9979680985
1467	0.08039542114	0.9979680985
1468	0.08035996168	0.9979680985
1469	0.08032095059	0.9979680985
1470	0.08028982531	0.9979680985
1471	0.0802332013	0.9979680985
1472	0.08018124512	0.9979680985
1473	0.07990651894	0.9979680985
1474	0.07986892655	0.9979680985
1475	0.07961380933	0.9979680985
1476	0.07949860564	0.9979680985
1477	0.07937824646	0.9979680985
1478	0.07928293871	0.9979680985
1479	0.07919596081	0.9979680985
1480	0.07882733926	0.9979680985
1481	0.07874305069	0.9979680985
1482	0.07851010698	0.9979680985
1483	0.07847102666	0.9979680985
1484	0.07829396664	0.9979680985
1485	0.07803281349	0.9979680985
1486	0.07788650857	0.9979680985
1487	0.07784586206	0.9979680985
1488	0.07759040552	0.9979680985
1489	0.07745007162	0.9979680985
1490	0.07719597862	1
1491	0.07695741215	1
1492	0.07656602725	1
1493	0.07645556453	1
1494	0.07630579152	1
1495	0.0760614899	1
1496	0.075990691	1
1497	0.07594744225	1
1498	0.07572353131	1
1499	0.07548641647	1
1500	0.07537255303	1
1501	0.075333753	1
1502	0.0750243717	1
1503	0.0749049257	1
1504	0.07487780123	1
1505	0.07484015101	1
1506	0.07477990529	1
1507	0.07467785121	1
1508	0.07455736186	1
1509	0.07433920366	1
1510	0.07430577169	1
1511	0.07421764293	1
1512	0.07409773685	1
1513	0.07405896666	1
1514	0.07396256526	1
1515	0.07391008217	1
1516	0.07388592765	1
1517	0.07379276777	1
1518	0.0737026395	1
1519	0.07365278278	1
1520	0.07339179793	1
1521	0.07329578375	1
1522	0.07324323075	1
1523	0.07315707998	1
1524	0.07293565899	1
1525	0.07283862402	1
1526	0.07278959216	1
1527	0.07272491206	1
1528	0.07257071225	1
1529	0.07245566224	1
1530	0.07223936929	1
1531	0.07221192631	1
1532	0.07216746068	1
1533	0.0720467498	1
1534	0.07189928296	1
1535	0.07174342342	1
1536	0.07170304188	1
1537	0.07166197961	1
1538	0.07160761384	1
1539	0.07158559783	1
1540	0.07149085333	1
1541	0.07129466093	1
1542	0.07109986973	1
1543	0.07102356603	1
1544	0.07098435061	1
1545	0.07095668877	1
1546	0.07085346807	1
1547	0.07078549748	1
1548	0.07070560755	1
1549	0.07050528756	1
1550	0.07038722557	1
1551	0.07031208876	1
1552	0.07023694047	1
1553	0.07016016405	1
1554	0.07008652504	1
1555	0.07005801082	1
1556	0.0700336437	1
1557	0.06999158425	1
1558	0.06980163281	1
1559	0.06974064982	1
1560	0.06967589438	1
1561	0.06963922296	1
1562	0.06956417893	1
1563	0.06950499475	1
1564	0.06942531914	1
1565	0.06923806581	1
1566	0.06910754199	1
1567	0.06901377019	1
1568	0.06882993161	1
1569	0.0687895197	1
1570	0.06871590881	1
1571	0.0686778224	1
1572	0.06860510366	1
1573	0.06832548857	1
1574	0.06824443505	1
1575	0.06821930447	1
1576	0.06795253566	1
1577	0.0678354736	1
1578	0.0677523751	1
1579	0.06769208359	1
1580	0.06750663526	1
1581	0.06734803213	1
1582	0.06725302148	1
1583	0.06716448625	1
1584	0.06707674993	1
1585	0.06699003105	1
1586	0.06696267735	1
1587	0.06691765256	1
1588	0.06682856504	1
1589	0.06674640372	1
1590	0.0665848909	1
1591	0.06650059656	1
1592	0.06629093369	1
1593	0.06612371221	1
1594	0.06605193464	1
1595	0.06603560397	1
1596	0.06588434338	1
1597	0.06585418039	1
1598	0.0658314871	1
1599	0.06578780836	1
1600	0.06567460924	1
1601	0.06563231581	1
1602	0.06553932547	1
1603	0.06542883881	1
1604	0.06540162033	1
1605	0.06533211022	1
1606	0.06529070871	1
1607	0.06525236278	1
1608	0.06514085447	1
1609	0.06511830244	1
1610	0.06497410911	1
1611	0.06495860328	1
1612	0.06480511795	1
1613	0.06476184999	1
1614	0.06471342202	1
1615	0.06463644915	1
1616	0.0644899925	1
1617	0.06435293547	1
1618	0.06429066078	1
1619	0.06421707309	1
1620	0.06417376005	1
1621	0.06410258797	1
1622	0.06405005176	1
1623	0.06386937972	1
1624	0.06362429425	1
1625	0.06347823118	1
1626	0.06341215739	1
1627	0.06335411416	1
1628	0.06333326932	1
1629	0.06326195204	1
1630	0.06321660423	1
1631	0.06306272637	1
1632	0.06299698866	1
1633	0.06297068987	1
1634	0.06294680723	1
1635	0.06286258527	1
1636	0.06278064553	1
1637	0.06271748096	1
1638	0.06269003532	1
1639	0.06262613307	1
1640	0.06238454078	1
1641	0.06228176268	1
1642	0.06222024286	1
1643	0.06215667879	1
1644	0.06206499582	1
1645	0.06195748577	1
1646	0.06190968188	1
1647	0.06176896925	1
1648	0.06161726693	1
1649	0.06155522702	1
1650	0.06147748547	1
1651	0.06128519522	1
1652	0.06109157509	1
1653	0.06106665167	1
1654	0.06103460836	1
1655	0.06090205129	1
1656	0.06085462498	1
1657	0.06074819997	1
1658	0.06073835379	1
1659	0.06067259983	1
1660	0.06063301691	1
1661	0.06058437924	1
1662	0.06045640618	1
1663	0.06042462241	1
1664	0.06037788769	1
1665	0.06029409167	1
1666	0.06025188169	1
1667	0.06013741583	1
1668	0.06011721502	1
1669	0.06004766732	1
1670	0.05986618676	1
1671	0.05969553059	1
1672	0.0596709032	1
1673	0.05959067103	1
1674	0.05947108136	1
1675	0.05944614697	1
1676	0.05934998951	1
1677	0.05913668126	1
1678	0.05906616468	1
1679	0.05900455668	1
1680	0.05895979371	1
1681	0.05892179831	1
1682	0.05885659345	1
1683	0.05878584896	1
1684	0.05862383154	1
1685	0.05857996116	1
1686	0.05855357074	1
1687	0.05851124404	1
1688	0.0583647366	1
1689	0.05833708349	1
1690	0.05817461269	1
1691	0.05811328469	1
1692	0.05803966276	1
1693	0.05791920426	1
1694	0.05777072022	1
1695	0.0577113132	1
1696	0.0576711289	1
1697	0.05764460955	1
1698	0.05759436019	1
1699	0.05755450748	1
1700	0.05738546807	1
1701	0.05735879406	1
1702	0.0572902438	1
1703	0.05725851553	1
1704	0.05724290896	1
1705	0.05721524089	1
1706	0.05720259446	1
1707	0.05716067328	1
1708	0.05710214294	1
1709	0.05705466663	1
1710	0.05695353359	1
1711	0.05691651	1
1712	0.05687964487	1
1713	0.05676202685	1
1714	0.05670752927	1
1715	0.056616192	1
1716	0.05642843216	1
1717	0.05635494532	1
1718	0.05627006418	1
1719	0.05617428489	1
1720	0.05605682094	1
1721	0.05600706917	1
1722	0.05598067446	1
1723	0.05594083002	1
1724	0.05590235024	1
1725	0.0557817419	1
1726	0.05569705317	1
1727	0.05565237779	1
1728	0.05559123766	1
1729	0.05556591021	1
1730	0.05554143479	1
1731	0.0555016991	1
1732	0.05543802076	1
1733	0.05533203673	1
1734	0.05530512652	1
1735	0.0551399669	1
1736	0.05503582669	1
1737	0.05497774268	1
1738	0.05494225567	1
1739	0.05491890827	1
1740	0.0548647865	1
1741	0.05475813948	1
1742	0.05473604229	1
1743	0.05470634784	1
1744	0.05464281943	1
1745	0.05460905864	1
1746	0.05458501617	1
1747	0.05451711049	1
1748	0.05444425029	1
1749	0.05434986699	1
1750	0.05430124613	1
1751	0.05425936458	1
1752	0.05422292638	1
1753	0.05415641374	1
1754	0.0540314272	1
1755	0.05398439219	1
1756	0.05394999271	1
1757	0.05378038109	1
1758	0.05370308599	1
1759	0.05366227133	1
1760	0.05360437738	1
1761	0.05354788225	1
1762	0.05342670406	1
1763	0.05337247531	1
1764	0.05325304581	1
1765	0.05318276146	1
1766	0.05316335341	1
1767	0.0531463392	1
1768	0.05300494435	1
1769	0.05296437974	1
1770	0.05289732015	1
1771	0.05289108302	1
1772	0.05283641215	1
1773	0.05270342681	1
1774	0.05260272618	1
1775	0.05254876669	1
1776	0.05249146686	1
1777	0.05233764482	1
1778	0.05230369009	1
1779	0.05216360484	1
1780	0.05204794959	1
1781	0.05200048281	1
1782	0.0518825234	1
1783	0.05183843572	1
1784	0.05173980965	1
1785	0.0516838553	1
1786	0.05160602441	1
1787	0.05155583194	1
1788	0.05153497795	1
1789	0.05146350963	1
1790	0.0514337209	1
1791	0.05117469185	1
1792	0.05107088968	1
1793	0.05104136989	1
1794	0.05102903557	1
1795	0.05100525284	1
1796	0.05097147455	1
1797	0.05091287511	1
1798	0.0508411485	1
1799	0.05079173085	1
1800	0.0507266836	1
1801	0.05051598599	1
1802	0.05048039136	1
1803	0.05042829789	1
1804	0.05040731994	1
1805	0.05037637963	1
1806	0.05035685447	1
1807	0.05032585823	1
1808	0.05026304123	1
1809	0.05023027336	1
1810	0.05016240262	1
1811	0.05014434607	1
1812	0.05009498134	1
1813	0.05003765689	1
1814	0.05001319267	1
1815	0.04992024426	1
1816	0.04988112042	1
1817	0.04966604585	1
1818	0.04959627122	1
1819	0.0495810678	1
1820	0.04956727582	1
1821	0.04947401432	1
1822	0.04934083002	1
1823	0.04928420028	1
1824	0.04921681616	1
1825	0.0490078924	1
1826	0.04895743807	1
1827	0.04887552442	1
1828	0.04864752439	1
1829	0.04861233601	1
1830	0.04856745497	1
1831	0.04853917286	1
1832	0.04847425462	1
1833	0.04844313628	1
1834	0.04836212577	1
1835	0.04832513926	1
1836	0.04827250439	1
1837	0.04819916788	1
1838	0.0481726006	1
1839	0.04815569432	1
1840	0.04797275696	1
1841	0.0479550173	1
1842	0.04792225639	1
1843	0.04789790574	1
1844	0.04769717623	1
1845	0.04762515398	1
1846	0.0476056623	1
1847	0.04757347786	1
1848	0.04746225607	1
1849	0.04742488718	1
1850	0.04741721911	1
1851	0.04739852435	1
1852	0.04735414968	1
1853	0.04728543601	1
1854	0.04721622922	1
1855	0.04716968216	1
1856	0.0471207977	1
1857	0.04710249456	1
1858	0.0470795938	1
1859	0.04699302888	1
1860	0.04695763131	1
1861	0.04694627852	1
1862	0.04687497584	1
1863	0.04682674886	1
1864	0.04677993789	1
1865	0.04674344138	1
1866	0.04663371347	1
1867	0.04661583621	1
1868	0.04648883533	1
1869	0.04645405528	1
1870	0.04635721165	1
1871	0.04632886162	1
1872	0.04631708378	1
1873	0.04627560569	1
1874	0.04623548124	1
1875	0.0461932701	1
1876	0.04616033241	1
1877	0.0460681982	1
1878	0.04603755238	1
1879	0.04601419526	1
1880	0.04596996785	1
1881	0.04594995794	1
1882	0.04589638342	1
1883	0.04587946715	1
1884	0.04584974688	1
1885	0.04580430237	1
1886	0.04578343747	1
1887	0.04571505888	1
1888	0.04569891074	1
1889	0.04567537087	1
1890	0.0456112039	1
1891	0.04558598744	1
1892	0.04557080632	1
1893	0.04550798225	1
1894	0.04549123915	1
1895	0.04545335426	1
1896	0.04538419666	1
1897	0.04536784004	1
1898	0.04533140355	1
1899	0.04523399334	1
1900	0.04510563768	1
1901	0.04505613392	1
1902	0.04501268822	1
1903	0.04495926146	1
1904	0.04491641566	1
1905	0.04485481429	1
1906	0.04479257644	1
1907	0.04476357275	1
1908	0.04473918269	1
1909	0.04472189178	1
1910	0.04461115381	1
1911	0.04458201909	1
1912	0.04454336101	1
1913	0.04446632396	1
1914	0.04444126607	1
1915	0.0444129357	1
1916	0.04438499227	1
1917	0.04436239293	1
1918	0.04428124978	1
1919	0.04422526443	1
1920	0.04410089688	1
1921	0.04407417774	1
1922	0.04405231336	1
1923	0.04402491398	1
1924	0.04400161816	1
1925	0.04394201928	1
1926	0.04393766057	1
1927	0.04389775648	1
1928	0.04380474725	1
1929	0.04374198849	1
1930	0.04363327276	1
1931	0.04361317094	1
1932	0.04359519883	1
1933	0.04348947107	1
1934	0.04348358359	1
1935	0.04346036887	1
1936	0.04342195817	1
1937	0.04341163794	1
1938	0.04338113506	1
1939	0.0433622674	1
1940	0.04331369273	1
1941	0.04327456227	1
1942	0.04322354169	1
1943	0.04313193762	1
1944	0.04312270823	1
1945	0.04310118038	1
1946	0.04308973454	1
1947	0.04294171056	1
1948	0.04291796915	1
1949	0.04288278417	1
1950	0.0428119453	1
1951	0.04278588772	1
1952	0.04277516982	1
1953	0.04275025347	1
1954	0.04268657559	1
1955	0.04264549276	1
1956	0.04261386164	1
1957	0.04254153429	1
1958	0.04251800211	1
1959	0.04246733046	1
1960	0.04244417324	1
1961	0.04237220966	1
1962	0.04231709031	1
1963	0.04226998635	1
1964	0.04224311758	1
1965	0.04223496967	1
1966	0.042222595	1
1967	0.04219031698	1
1968	0.04218469133	1
1969	0.04216658832	1
1970	0.04213837694	1
1971	0.04205949347	1
1972	0.04202208926	1
1973	0.04200722855	1
1974	0.04197785887	1
1975	0.04194215541	1
1976	0.04192447185	1
1977	0.04186787697	1
1978	0.04184526557	1
1979	0.04175070716	1
1980	0.0417234787	1
1981	0.04169043476	1
1982	0.04166533813	1
1983	0.04164222511	1
1984	0.04159237241	1
1985	0.04151714933	1
1986	0.04145758425	1
1987	0.04143299397	1
1988	0.04140259565	1
1989	0.04139251126	1
1990	0.04127676227	1
1991	0.04125154415	1
1992	0.04120690928	1
1993	0.04119245777	1
1994	0.04114823457	1
1995	0.04113254662	1
1996	0.0411118764	1
1997	0.04110277258	1
1998	0.0409655912	1
1999	0.04093270446	1
