iter	RMSE	AverageGain:top=10
0	0.2024153176	0.243784824
1	0.2013049825	0.2845689234
2	0.2003429912	0.3017095542
3	0.1993318188	0.3026806581
4	0.1984604594	0.3015310891
5	0.1977693296	0.2952839971
6	0.1968671151	0.3058655187
7	0.1961795908	0.3068118372
8	0.1955721402	0.3122403749
9	0.1949521706	0.3102811999
10	0.1943311469	0.3151541225
11	0.1937199192	0.3246884213
12	0.1931583852	0.3269424878
13	0.1925984373	0.3263112118
14	0.1920896243	0.3297610402
15	0.1916719633	0.3286060332
16	0.1911779763	0.3284559416
17	0.1908248618	0.3277295002
18	0.1903728448	0.3284487286
19	0.1899175399	0.3278211696
20	0.189547921	0.3305769486
21	0.1892020148	0.3310714971
22	0.1888716051	0.3302001256
23	0.1884910408	0.3269120564
24	0.1881843586	0.3277032503
25	0.1878525771	0.3300103307
26	0.1875504257	0.3363242335
27	0.1872825698	0.3401890443
28	0.1870063541	0.3371208412
29	0.186667098	0.339758806
30	0.186411827	0.3393093006
31	0.1861442633	0.3436776828
32	0.1858417264	0.3428855341
33	0.1856453235	0.3433754732
34	0.1854194526	0.3448305215
35	0.1852270364	0.3442179677
36	0.184987387	0.3458133921
37	0.1848177001	0.3441302861
38	0.1845829626	0.3448423545
39	0.1843334218	0.3481105749
40	0.1841654606	0.3491849979
41	0.1839341589	0.3460230305
42	0.183691974	0.3469432614
43	0.1834901073	0.3473060791
44	0.1832774206	0.3470210697
45	0.1830928534	0.349365238
46	0.1829473785	0.3497988807
47	0.1827732664	0.351048825
48	0.1825828864	0.3507455933
49	0.1824456466	0.3501577067
50	0.1822777978	0.3514976164
51	0.1821770512	0.3534305911
52	0.1820366467	0.3519408534
53	0.1819042918	0.3514434657
54	0.1816702832	0.3527313198
55	0.181518359	0.3523768628
56	0.1813722085	0.3522775527
57	0.1812288894	0.353841425
58	0.1810955128	0.3537718506
59	0.1809420451	0.3554409574
60	0.1808031443	0.3561983479
61	0.1806487911	0.3559078863
62	0.1804889998	0.3562856242
63	0.1803049413	0.3574498855
64	0.1801762004	0.3563274965
65	0.1800075281	0.3556791378
66	0.1798821068	0.3573175864
67	0.1797118785	0.3573175864
68	0.1795478782	0.3571050754
69	0.1793893115	0.3597375398
70	0.1792671863	0.3586330096
71	0.1791058319	0.359295713
72	0.1789218264	0.3609398353
73	0.1787940977	0.3625614719
74	0.1786505299	0.3617594358
75	0.1785539771	0.3612012614
76	0.1784095509	0.3628294186
77	0.1782445983	0.3642586782
78	0.1781588822	0.365890991
79	0.1779748727	0.365903744
80	0.1778520588	0.3671335113
81	0.1777011795	0.3667618081
82	0.1775690797	0.366548287
83	0.1774981141	0.3669082215
84	0.1774339831	0.3663298079
85	0.1773261487	0.3680705162
86	0.1772167304	0.366628955
87	0.177097209	0.3691482822
88	0.1769985653	0.3681199973
89	0.1769012635	0.3681199973
90	0.1767415899	0.3687684934
91	0.1766130754	0.3684040319
92	0.1765599397	0.3678359371
93	0.176473289	0.3688053359
94	0.1763640096	0.369877146
95	0.1762375729	0.3690684705
96	0.1761051725	0.369907802
97	0.1760376424	0.3702438758
98	0.1759519825	0.3704135129
99	0.1758172216	0.3729008477
100	0.1757380417	0.3741073933
101	0.175657678	0.3739116565
102	0.1755560256	0.37510604
103	0.1754765419	0.3746997628
104	0.1753569252	0.3744540485
105	0.1752715009	0.3754129209
106	0.1752081218	0.3760174269
107	0.1750879926	0.3765640829
108	0.1749850747	0.3765640829
109	0.1748965693	0.3765530355
110	0.1748391644	0.3768879472
111	0.1747375585	0.3764188582
112	0.1746516523	0.3772707866
113	0.1745625486	0.3778766003
114	0.1744566501	0.3755124546
115	0.1743454113	0.3776224897
116	0.1742627644	0.3768982124
117	0.1741548097	0.3774085124
118	0.1740710271	0.3781746761
119	0.1740403865	0.3789577646
120	0.1739578491	0.3795896805
121	0.1738899674	0.3812607477
122	0.1737805563	0.3804190234
123	0.1737010936	0.3829382011
124	0.1736249469	0.3805434297
125	0.1735479951	0.3814164509
126	0.1734327586	0.384027568
127	0.1733512951	0.3846826538
128	0.1732536727	0.3848077157
129	0.1731734041	0.3838211845
130	0.173105426	0.3837481593
131	0.1729931344	0.3834786488
132	0.1728926515	0.3851906751
133	0.1727789827	0.3874634327
134	0.1727174279	0.3884811005
135	0.1726030864	0.3867693434
136	0.1725155052	0.3900289059
137	0.1724483124	0.3920156737
138	0.1723305865	0.3919393681
139	0.1722605053	0.390789589
140	0.1721851958	0.3940439851
141	0.1721146932	0.3932928574
142	0.172023448	0.3943030149
143	0.1719582621	0.3945872643
144	0.1718874068	0.3951302798
145	0.1718067907	0.394693023
146	0.1717524274	0.3952785166
147	0.1716565568	0.3962523443
148	0.1715891983	0.3967164782
149	0.1715120079	0.3958722172
150	0.171384075	0.3990763355
151	0.171298378	0.3988377198
152	0.1712436955	0.3984189444
153	0.1711498986	0.3974312117
154	0.1710344506	0.3977374369
155	0.1709351607	0.3981229758
156	0.1708534133	0.3980325982
157	0.1707661729	0.3986128861
158	0.1706489287	0.3993848596
159	0.170583192	0.3993848596
160	0.1704908783	0.3999374832
161	0.1704328315	0.3999374832
162	0.1703874267	0.3999374832
163	0.1703009933	0.3996297551
164	0.1701896265	0.4000828475
165	0.1701759793	0.4006524509
166	0.1700772226	0.4010868556
167	0.1699980039	0.401114687
168	0.1699388469	0.4006547648
169	0.1698757031	0.4006547648
170	0.1698247916	0.4009076799
171	0.1697205408	0.4011238537
172	0.1696958242	0.4014662662
173	0.1696160437	0.4019560332
174	0.1695773799	0.402196599
175	0.1695114184	0.402196599
176	0.1694049076	0.4014191513
177	0.1693279381	0.4016034708
178	0.1692256792	0.4012445694
179	0.1691078035	0.4019475103
180	0.1690026615	0.4032535419
181	0.1689276267	0.4026747718
182	0.1688090143	0.4026747718
183	0.1687827089	0.4030256353
184	0.1686784079	0.4044924319
185	0.1686042979	0.4051806634
186	0.1685418307	0.4064633732
187	0.1685184865	0.4073229326
188	0.1684541983	0.4066189929
189	0.1683688668	0.4069266554
190	0.1682800098	0.4062786914
191	0.1681947818	0.4064378575
192	0.1680908663	0.4069012314
193	0.1680473988	0.40595011
194	0.167986456	0.4062298498
195	0.1679027565	0.4069692837
196	0.1678691049	0.4074429874
197	0.1678115367	0.4074429874
198	0.1677299198	0.4072873417
199	0.1676188698	0.4077564306
200	0.1675685177	0.4077564306
201	0.1674189186	0.4075499671
202	0.167365975	0.4072989075
203	0.1672746526	0.4072989075
204	0.1672002933	0.4072989075
205	0.1671126785	0.4083234156
206	0.1670295567	0.4089671146
207	0.1669388452	0.4091632966
208	0.166922979	0.4091632966
209	0.1668257923	0.4096266705
210	0.166736527	0.4105823254
211	0.1666923053	0.4103489856
212	0.1666482678	0.4105028307
213	0.1665576638	0.4101092034
214	0.1665127956	0.4102977707
215	0.1664732396	0.4102977707
216	0.1664655619	0.4104516158
217	0.1664251348	0.4102977707
218	0.1663039159	0.4121327594
219	0.1662424353	0.4119971561
220	0.1662154256	0.4119971561
221	0.1662097236	0.4119971561
222	0.1662047189	0.4119971561
223	0.1661611617	0.4119441921
224	0.1661433537	0.4119441921
225	0.1660322161	0.4119441921
226	0.1660274548	0.4119441921
227	0.1659378003	0.4130944691
228	0.1659286572	0.4130944691
229	0.1658275893	0.4134880964
230	0.1657397073	0.4142730136
231	0.165652161	0.4131889389
232	0.1655563082	0.4135182211
233	0.1654657626	0.4135421648
234	0.1654002664	0.4135421648
235	0.1653959367	0.4135421648
236	0.1653125346	0.413381846
237	0.1651986313	0.4134743515
238	0.1651527727	0.4135182211
239	0.1650782194	0.4136538244
240	0.1649817034	0.4138724519
241	0.1649071858	0.4142549059
242	0.1647760952	0.4146981406
243	0.1647146388	0.4147088812
244	0.1647070449	0.4147088812
245	0.1647028971	0.4147088812
246	0.1645980238	0.4148737571
247	0.1645014585	0.4141800568
248	0.1644292418	0.4141453725
249	0.1644250852	0.4141399923
250	0.1643207163	0.4153393378
251	0.1642073629	0.4153393378
252	0.164128058	0.416161283
253	0.164052256	0.4165710823
254	0.1639828168	0.4170253143
255	0.1639191596	0.4174997834
256	0.1637755865	0.4169246461
257	0.163691405	0.4169485897
258	0.1636292547	0.4160335034
259	0.1635121908	0.4168501088
260	0.1633961865	0.4173415999
261	0.1633285472	0.4178337312
262	0.163275436	0.4178337312
263	0.1631758381	0.4183478166
264	0.1630567365	0.4189745531
265	0.1629502422	0.4186615007
266	0.1628658402	0.418631465
267	0.1627851184	0.4183628575
268	0.1626736555	0.4192279044
269	0.1625987417	0.4193488658
270	0.1625230152	0.4199106754
271	0.1625187658	0.4201769153
272	0.1624411956	0.4202332366
273	0.1623708434	0.4204353202
274	0.1622675953	0.4201990045
275	0.1621990929	0.420541417
276	0.1621409123	0.4222395639
277	0.162015269	0.4225186348
278	0.16191865	0.4242986353
279	0.1618601876	0.4247585575
280	0.1617789355	0.4242894686
281	0.1617065198	0.4242986353
282	0.1616245664	0.4235572044
283	0.1615499951	0.4235480377
284	0.1614618147	0.4241874774
285	0.1613759257	0.4237241036
286	0.1612966133	0.4237183885
287	0.1612009817	0.4242599586
288	0.1611298356	0.4240420094
289	0.1610645831	0.4254626785
290	0.1609693828	0.425730615
291	0.1608572877	0.425730615
292	0.1607764285	0.425730615
293	0.1606979856	0.425730615
294	0.1606339449	0.4262283333
295	0.1605449461	0.4262283333
296	0.1604413243	0.4257592444
297	0.1603819152	0.426092784
298	0.1602971224	0.426092784
299	0.1602118534	0.4257248108
300	0.1600989355	0.4263439091
301	0.1600103396	0.4263801843
302	0.1599389971	0.4266605575
303	0.1598447048	0.4258691201
304	0.1597845747	0.4266986531
305	0.159716381	0.4277090174
306	0.1596325987	0.4284348161
307	0.1595542465	0.4270657508
308	0.1594727344	0.4269572542
309	0.1594161509	0.4269572542
310	0.1593705326	0.4278360516
311	0.1593256828	0.42857155
312	0.1592335591	0.4294664104
313	0.1591471736	0.4297707305
314	0.15906945	0.4292197918
315	0.1590143494	0.429798562
316	0.1589471043	0.4294561495
317	0.158872366	0.4303109734
318	0.1587663945	0.430784989
319	0.1587108292	0.4310702845
320	0.1586313648	0.4310352287
321	0.1585650219	0.4302759176
322	0.1585050665	0.4312554516
323	0.1584555643	0.4312554516
324	0.158403131	0.4317766299
325	0.1583597246	0.4322327646
326	0.1583038116	0.4321454264
327	0.1582380029	0.4319208727
328	0.1581433541	0.4314309817
329	0.1580791628	0.4334905449
330	0.1580119818	0.4334905449
331	0.1579499439	0.4331001624
332	0.157889827	0.4334883069
333	0.1577903625	0.4337576811
334	0.1577754706	0.4337576811
335	0.1577031701	0.4334976765
336	0.1576190217	0.4339571738
337	0.1576042111	0.4339571738
338	0.1575224879	0.4341842898
339	0.1574506419	0.4341842898
340	0.1574181898	0.4345192015
341	0.1573495728	0.4348998922
342	0.1572933079	0.434630518
343	0.1572294309	0.4341706973
344	0.1571876473	0.4341706973
345	0.1570809737	0.4337292829
346	0.1570241765	0.4337292829
347	0.1570164219	0.4337292829
348	0.1569446688	0.4342190017
349	0.156879326	0.4332394677
350	0.1568659628	0.4327046681
351	0.1568617776	0.4327046681
352	0.156796756	0.4327046681
353	0.1567412349	0.4331601942
354	0.1566695667	0.4338906776
355	0.1566089802	0.433566652
356	0.1564770055	0.4340355927
357	0.1563883982	0.434928127
358	0.1563190732	0.4352490707
359	0.1562550282	0.4352383104
360	0.1561305905	0.4356791438
361	0.1560553873	0.4356791438
362	0.1559794196	0.4356791438
363	0.1559338255	0.4361121975
364	0.1558726327	0.4361121975
365	0.1558108219	0.4369407
366	0.1558043173	0.4374302301
367	0.1557435013	0.4382921861
368	0.1556496604	0.4377127343
369	0.1555691375	0.4380390877
370	0.1555132044	0.4380390877
371	0.1554409239	0.4386636203
372	0.1553943027	0.4398265408
373	0.1553605294	0.4398265408
374	0.155295802	0.4397538097
375	0.1552467097	0.4397538097
376	0.1551916821	0.4405389853
377	0.1550823413	0.43996913
378	0.1550346087	0.4415282152
379	0.1549692528	0.4415282152
380	0.154940269	0.4415282152
381	0.1548836514	0.441385646
382	0.1548082272	0.4416939114
383	0.1547472392	0.4420208096
384	0.1547334768	0.4420208096
385	0.1546506921	0.4423352638
386	0.1545571698	0.4413511721
387	0.1545040346	0.441814546
388	0.1544308455	0.441814546
389	0.1543688848	0.4420635966
390	0.1543162748	0.4416418838
391	0.1542182217	0.4420761359
392	0.1541707785	0.4414762616
393	0.1540983647	0.4416118648
394	0.1540339916	0.4419582442
395	0.153977596	0.4428097871
396	0.1539746307	0.4428097871
397	0.1539123295	0.4423464133
398	0.1538338786	0.4421737511
399	0.1537861315	0.4425596068
400	0.1537072796	0.4419981386
401	0.1536261185	0.4427132058
402	0.153569799	0.4430806853
403	0.1535466111	0.4430806853
404	0.1535013184	0.4435855285
405	0.1533936146	0.4443346513
406	0.1533564711	0.4448339228
407	0.1532805371	0.4444928715
408	0.153214401	0.4441515759
409	0.1531708294	0.4442470307
410	0.15309527	0.4442693816
411	0.1530522591	0.4442693816
412	0.1530001282	0.4443719375
413	0.1529274198	0.444498437
414	0.1528693981	0.444498437
415	0.1527700106	0.4449103193
416	0.1526701859	0.4439927135
417	0.1526015442	0.4440182311
418	0.1525411874	0.4450589249
419	0.1524894397	0.4450589249
420	0.1524277283	0.4450589249
421	0.152381056	0.4467242154
422	0.1523395464	0.4466257866
423	0.1522767978	0.4472534934
424	0.1522106047	0.4477406139
425	0.1521627618	0.44821729
426	0.1520866394	0.4474190045
427	0.1520358452	0.4481135582
428	0.1519651116	0.448323983
429	0.1519164788	0.448323983
430	0.1518978447	0.4490710822
431	0.1518610093	0.4490710822
432	0.1517751392	0.4490485418
433	0.1517159891	0.4490485418
434	0.1516544796	0.4480754419
435	0.1516518804	0.4480754419
436	0.1515788641	0.4474734497
437	0.1515215063	0.4474826164
438	0.1514276833	0.4476210325
439	0.1514248711	0.4476210325
440	0.1513747438	0.448108638
441	0.1512937641	0.4488902538
442	0.1512227879	0.4500491576
443	0.1511749582	0.4495620371
444	0.1511285765	0.4489268488
445	0.1510628263	0.4489747361
446	0.1509995022	0.4494035964
447	0.1509449936	0.448812913
448	0.1508919498	0.4491629402
449	0.1508415508	0.4492333678
450	0.1507730552	0.4493116959
451	0.1507044219	0.4494013831
452	0.1506721338	0.4492996372
453	0.1506418481	0.4496496643
454	0.1505690108	0.4497880121
455	0.1505149004	0.4497880121
456	0.1504589179	0.4488934039
457	0.1504012333	0.4495913096
458	0.1503069128	0.449989224
459	0.1502590361	0.4503241356
460	0.1502120447	0.4501976361
461	0.1501544091	0.4507663995
462	0.1501521158	0.4507663995
463	0.1500750523	0.4512991324
464	0.1500727914	0.4512991324
465	0.1500213389	0.4507466759
466	0.1499768971	0.4502775869
467	0.1499267449	0.4507466759
468	0.1499245332	0.4507466759
469	0.1498603591	0.4507558426
470	0.1497941685	0.4504850027
471	0.1497449993	0.4505772394
472	0.1497029907	0.4495619016
473	0.1496446001	0.450518111
474	0.1495210545	0.4512770021
475	0.1494609826	0.4507603742
476	0.1494162323	0.4507603742
477	0.149360698	0.4510460992
478	0.1492844088	0.4521917018
479	0.1492222949	0.4521259964
480	0.1491680426	0.4521259964
481	0.149165904	0.4521259964
482	0.1491213557	0.4525659933
483	0.1490666403	0.4522644125
484	0.1490214329	0.4521987725
485	0.1489518421	0.4531828238
486	0.1489158754	0.4530125177
487	0.1489141159	0.4530125177
488	0.1488576774	0.4526897097
489	0.1488018043	0.4528691826
490	0.1487400266	0.4532040942
491	0.1487036918	0.4537835461
492	0.1487016929	0.4537835461
493	0.1486645185	0.4542235429
494	0.1485957493	0.455042659
495	0.1485480105	0.4551965041
496	0.1485131049	0.4549585206
497	0.1484529433	0.4546389779
498	0.1484095693	0.4544851328
499	0.1483455147	0.4544851328
500	0.1482757097	0.4541851056
501	0.1482319371	0.4541553808
502	0.1481711627	0.4541275494
503	0.1481061253	0.4541036058
504	0.148038069	0.4536917963
505	0.1480022144	0.4536917963
506	0.1479556789	0.4541276411
507	0.1478991659	0.4541276411
508	0.1478588558	0.4550391256
509	0.147809965	0.4552185984
510	0.1477584395	0.4552185984
511	0.1477387337	0.4552185984
512	0.1476959858	0.4546532699
513	0.1476263509	0.4546532699
514	0.1475932148	0.4544890603
515	0.1475442363	0.4538890059
516	0.1474942125	0.4538890059
517	0.1474315967	0.453731737
518	0.1473557284	0.4534478401
519	0.1473537697	0.4534478401
520	0.1473047597	0.453748726
521	0.1472116008	0.4537712664
522	0.147147678	0.4552335299
523	0.1470640891	0.4543067822
524	0.147013107	0.4552335299
525	0.1469776344	0.4548044007
526	0.146927609	0.4558361511
527	0.1468840296	0.4549344379
528	0.146835571	0.4555344923
529	0.1467843633	0.4562835604
530	0.1467279902	0.4563263569
531	0.1466817978	0.4564895336
532	0.146635146	0.4574797443
533	0.146563322	0.4574797443
534	0.1465300474	0.4574797443
535	0.1464926938	0.4578132839
536	0.1464627242	0.4580403999
537	0.1464095105	0.4580812204
538	0.146356994	0.4589605948
539	0.1463236619	0.4589605948
540	0.1462861083	0.4584173546
541	0.1462093055	0.4583765341
542	0.1461520565	0.4587565976
543	0.1461502204	0.4587565976
544	0.1461047072	0.4587565976
545	0.1460476661	0.4587565976
546	0.146045821	0.4587565976
547	0.1460168737	0.4589854144
548	0.145990965	0.4587808388
549	0.1459136585	0.4593288867
550	0.1458860647	0.4593288867
551	0.1458329724	0.4597192352
552	0.1457691672	0.4599871717
553	0.1457186799	0.4594903995
554	0.1456826299	0.4605638056
555	0.1456530965	0.460591637
556	0.1456234631	0.4603296086
557	0.1455679764	0.4606631482
558	0.1455245725	0.4606909796
559	0.1454457935	0.4616425211
560	0.1454104825	0.4621392932
561	0.145354281	0.4611877518
562	0.1453163127	0.4611877518
563	0.1452607337	0.4611877518
564	0.1451949315	0.4620114633
565	0.1451475863	0.4620114633
566	0.1451037739	0.4617056993
567	0.1450605008	0.4616778679
568	0.144981231	0.4620666825
569	0.1449068486	0.4615234423
570	0.144823205	0.4630182239
571	0.1447824039	0.4630460554
572	0.1447283692	0.4630460554
573	0.1446789592	0.4630221117
574	0.1446730013	0.4630221117
575	0.1446299333	0.4635188839
576	0.144585321	0.4635188839
577	0.1445267611	0.4649755769
578	0.1444666453	0.4649755769
579	0.1444306015	0.4654389508
580	0.1443694031	0.4654389508
581	0.1443176974	0.4641121592
582	0.1442607522	0.4641549557
583	0.1442589583	0.4641549557
584	0.1442125301	0.4641121592
585	0.1441575581	0.4636359301
586	0.1440955932	0.4654817473
587	0.1440564777	0.4654389508
588	0.1439961954	0.4654817473
589	0.1439268886	0.4651686949
590	0.1438979448	0.4654817473
591	0.1438662151	0.4654817473
592	0.1438190384	0.4665513464
593	0.1437614284	0.4665513464
594	0.1436967772	0.4665513464
595	0.1436754192	0.4665513464
596	0.1436387448	0.4661255749
597	0.1435940626	0.4661481153
598	0.1435470325	0.4663467708
599	0.1435154458	0.4659209993
600	0.1434642532	0.4663467708
601	0.1434177013	0.4668630136
602	0.1433733634	0.4668630136
603	0.1432883092	0.4666643581
604	0.1432372139	0.4671114853
605	0.1431954148	0.4674107573
606	0.1431171811	0.4668135618
607	0.1430805847	0.4668135618
608	0.1430398947	0.4665864458
609	0.143027349	0.4665864458
610	0.1429699701	0.4668135618
611	0.1429227395	0.4665864458
612	0.1428595235	0.4667857304
613	0.1428278077	0.4678210537
614	0.1427909361	0.4677971101
615	0.1427187379	0.4683493811
616	0.1426768303	0.4683733248
617	0.1426198234	0.4683733248
618	0.1425725842	0.4673897765
619	0.1425312109	0.4688424137
620	0.1424826607	0.4688424137
621	0.1424350143	0.4683076142
622	0.1423758779	0.4685567211
623	0.142355096	0.4685567211
624	0.1423127372	0.4688769682
625	0.142277196	0.4689511571
626	0.1422756733	0.4689511571
627	0.1422192017	0.468681783
628	0.1422177032	0.468681783
629	0.1421663405	0.468681783
630	0.1421240609	0.4686578393
631	0.1420447362	0.4686803797
632	0.1420097128	0.4686803797
633	0.1420083466	0.4686803797
634	0.1419648207	0.4688518037
635	0.1419288615	0.4696087472
636	0.1418835975	0.4697801712
637	0.1418471925	0.4697801712
638	0.1417928157	0.4700495454
639	0.1417422202	0.4706024653
640	0.1416962962	0.4706357661
641	0.141623942	0.4698812641
642	0.1415687263	0.4701266946
643	0.1414903656	0.4695325438
644	0.1414541946	0.4695325438
645	0.1413778423	0.4695325438
646	0.1413138909	0.4691979431
647	0.1412585749	0.4695070342
648	0.1412049316	0.4694135949
649	0.1411562015	0.4700715676
650	0.1411267713	0.4697555065
651	0.1410867748	0.4693477163
652	0.1410300288	0.4696066834
653	0.1409894539	0.4694665483
654	0.1409271308	0.4700622758
655	0.1408701758	0.4699161937
656	0.1408213453	0.4703043255
657	0.1407376536	0.4702275427
658	0.1406585957	0.4694802591
659	0.1406003943	0.4695311321
660	0.1405330751	0.4700659316
661	0.1404692451	0.4704717003
662	0.1404185401	0.4707717275
663	0.1403643823	0.4713025092
664	0.1403262053	0.4713025092
665	0.1402641281	0.4710787509
666	0.1402129543	0.4710728353
667	0.1401647427	0.4713811007
668	0.1401157207	0.4715605736
669	0.1400812443	0.4714745228
670	0.1400244593	0.4713058103
671	0.1399880537	0.4707281707
672	0.1399522221	0.4709975448
673	0.1399143799	0.4706891451
674	0.1398877696	0.4705487961
675	0.13984456	0.471135961
676	0.1398014639	0.4708275612
677	0.1397583295	0.4711358266
678	0.1397564995	0.4711358266
679	0.1397077502	0.4711358266
680	0.1396692735	0.4714892589
681	0.1396157751	0.4711584531
682	0.1395789829	0.4711584531
683	0.1395158834	0.4711584531
684	0.1394806273	0.4716482201
685	0.1394405598	0.4711584531
686	0.1394015217	0.4716482201
687	0.1393758121	0.4718586788
688	0.1393184293	0.4711584531
689	0.1392822177	0.4715707367
690	0.1392211353	0.4715707367
691	0.1391836241	0.4715599764
692	0.1391574444	0.4714456748
693	0.1391510298	0.4714456748
694	0.1390972726	0.472026671
695	0.1390472786	0.4720492114
696	0.1389797351	0.4723331124
697	0.1389231564	0.4723331124
698	0.1388472689	0.4732712139
699	0.1387934827	0.4728696907
700	0.1387257895	0.4728696907
701	0.1386830454	0.4736134784
702	0.1386401722	0.4740396778
703	0.1385768259	0.4737609809
704	0.1385163147	0.4732976071
705	0.1384552526	0.4731614982
706	0.1384177022	0.4731389578
707	0.1383740406	0.4734389849
708	0.1383281446	0.4731571328
709	0.1382633413	0.4733939846
710	0.1381935429	0.4733758096
711	0.1381670312	0.4733758096
712	0.1381422888	0.4736086204
713	0.1381087774	0.4736086204
714	0.1380542447	0.4731963367
715	0.1379830933	0.473682251
716	0.1379469482	0.4737678439
717	0.1378849804	0.4732640707
718	0.13783316	0.4727605485
719	0.1377949221	0.4732188771
720	0.1377584728	0.4727701284
721	0.1377201533	0.4727462044
722	0.1376900983	0.4731949532
723	0.1376441655	0.4729213721
724	0.1375928654	0.4728958545
725	0.1375491003	0.4729213721
726	0.1375257838	0.4729213721
727	0.1374736992	0.4729213721
728	0.1374280173	0.4732188771
729	0.1374000953	0.4735524168
730	0.1373446396	0.4735631771
731	0.1373111965	0.4735631771
732	0.1372778831	0.4732549117
733	0.1372218472	0.4732549117
734	0.1371990871	0.4732549117
735	0.1371738617	0.4732549117
736	0.1371249062	0.4735549389
737	0.13710094	0.4735549389
738	0.1370468824	0.4735362742
739	0.1369787246	0.4735362742
740	0.1369420365	0.4735362742
741	0.1369208696	0.4735362742
742	0.136870623	0.4735362742
743	0.1368246675	0.4741065593
744	0.1367916365	0.4744148247
745	0.1367366398	0.4754165523
746	0.1366944472	0.4754219325
747	0.1366518739	0.4758342161
748	0.1366144922	0.4758342161
749	0.1365825739	0.4758342161
750	0.1365538636	0.4753523934
751	0.1364948699	0.4753523934
752	0.136469063	0.4753523934
753	0.1364394642	0.4753523934
754	0.1363677063	0.4753523934
755	0.1363072028	0.4753523934
756	0.1362619612	0.4753615601
757	0.1362096227	0.4753523934
758	0.1361620099	0.4753663091
759	0.1361376225	0.4762652255
760	0.136074123	0.4762930569
761	0.1360364257	0.4762930569
762	0.1359945552	0.4762930569
763	0.1359579078	0.4762652255
764	0.135949358	0.4762652255
765	0.1359127504	0.4768059232
766	0.1358860113	0.4768059232
767	0.1358602973	0.4768059232
768	0.1358165818	0.4768059232
769	0.1357775663	0.4768059232
770	0.135756988	0.4768915161
771	0.1357464496	0.4768915161
772	0.1356917537	0.4768776004
773	0.1356383102	0.4773594231
774	0.1355823365	0.4773733388
775	0.1355287911	0.4775528117
776	0.1354790988	0.4775528117
777	0.1354564769	0.4773733388
778	0.1354156011	0.4775528117
779	0.1353599806	0.4773733388
780	0.1352992088	0.4773733388
781	0.1352506212	0.4777143655
782	0.1351973971	0.4776862429
783	0.1351808998	0.4776862429
784	0.1351423942	0.4777001586
785	0.1351011699	0.4777001586
786	0.1350866743	0.4777001586
787	0.1350400264	0.4777001586
788	0.1349675166	0.4777001586
789	0.1349374407	0.4777001586
790	0.134888564	0.4777001586
791	0.1348331843	0.4777064048
792	0.1347816407	0.4777064048
793	0.1347743493	0.4777064048
794	0.1347496018	0.4777064048
795	0.134734804	0.4773205491
796	0.1346931466	0.4773205491
797	0.134649968	0.4773205491
798	0.1346145986	0.4773143029
799	0.1345894911	0.4773143029
800	0.1345443712	0.4773143029
801	0.1345225668	0.4777001586
802	0.1344809801	0.4773143029
803	0.1344416015	0.4780501857
804	0.1343928743	0.4780501857
805	0.1343604803	0.4780501857
806	0.1343256554	0.4781752476
807	0.1342737701	0.4781752476
808	0.1342056059	0.4788238094
809	0.1341495967	0.4788238094
810	0.1341199683	0.4788238094
811	0.1340815155	0.4784737823
812	0.1340547188	0.4784320352
813	0.1340001181	0.4787820623
814	0.1339603566	0.4792411595
815	0.1339275492	0.4786443366
816	0.1338845493	0.4786443366
817	0.1338577767	0.4786443366
818	0.1338409767	0.4786025894
819	0.1337926668	0.4782943095
820	0.1337340235	0.4782525623
821	0.1336956966	0.4783909785
822	0.1336566587	0.4780051227
823	0.1336079013	0.4780051227
824	0.1335416263	0.4790759172
825	0.1334950788	0.4789204784
826	0.1334424472	0.4784024528
827	0.1334031563	0.4788460237
828	0.133359728	0.4788699673
829	0.1333087107	0.477975266
830	0.133270186	0.4788095428
831	0.1332232117	0.479105405
832	0.1331768531	0.4787677956
833	0.1331395119	0.4789082191
834	0.1331172391	0.4784594704
835	0.1330757631	0.4784594704
836	0.1330235714	0.4784594704
837	0.1329386729	0.4785331353
838	0.1328900232	0.4789267626
839	0.1328559312	0.4791742022
840	0.1328211595	0.4795091139
841	0.1327763645	0.47964753
842	0.1327434624	0.47964753
843	0.1326682711	0.4811454815
844	0.1326021667	0.4819381183
845	0.132563598	0.4815337806
846	0.1325238398	0.4806584989
847	0.1325009591	0.4809680949
848	0.1324551051	0.4805698041
849	0.1324383214	0.4805698041
850	0.1323887522	0.4809033437
851	0.1323424862	0.4814673016
852	0.1323076499	0.4817673288
853	0.1322815338	0.4830524098
854	0.1322441808	0.4829211017
855	0.1322133283	0.4824620045
856	0.1321773157	0.4824620045
857	0.1321418536	0.4824620045
858	0.1321166517	0.4820683772
859	0.1320468176	0.4817348375
860	0.1319788271	0.4817410837
861	0.1319591412	0.4817410837
862	0.1319267132	0.4822817815
863	0.1318826395	0.4822817815
864	0.1318682778	0.4822817815
865	0.131846352	0.4822817815
866	0.1318007385	0.4827305302
867	0.1317334071	0.483146698
868	0.1316937575	0.4832821083
869	0.1316393649	0.4835514825
870	0.1315709728	0.483983174
871	0.1315468711	0.483983174
872	0.1315348153	0.483983174
873	0.1314933439	0.4835289421
874	0.1314657374	0.4835289421
875	0.1314358898	0.4834038802
876	0.1314002319	0.4834503642
877	0.1313659764	0.4834503642
878	0.1313330416	0.4834503642
879	0.131284001	0.4842698775
880	0.1312438062	0.4842938212
881	0.1312064727	0.4844747361
882	0.1311563485	0.4839916952
883	0.1311214345	0.4834484551
884	0.1310706278	0.4834484551
885	0.1310292915	0.483902687
886	0.1310048654	0.4836026598
887	0.1309810858	0.4831484279
888	0.1309594695	0.4831484279
889	0.1308987131	0.484061757
890	0.1308488279	0.4849592546
891	0.1307995236	0.4850482628
892	0.1307570826	0.4855024947
893	0.1307201679	0.4855024947
894	0.1306942971	0.4855024947
895	0.1306638886	0.4855024947
896	0.1306243201	0.4855024947
897	0.130572891	0.485020672
898	0.1305059836	0.4840793196
899	0.1304786497	0.4845664401
900	0.1304266856	0.485489761
901	0.130386264	0.4845903837
902	0.1303479366	0.4846380628
903	0.1302684428	0.4850922947
904	0.1302423871	0.4850922947
905	0.1302237305	0.4852565043
906	0.1301888381	0.4852565043
907	0.1301318647	0.4850922947
908	0.1300963494	0.4850922947
909	0.1300865163	0.4850922947
910	0.1300292501	0.4855613837
911	0.1299894339	0.4859402782
912	0.1299300874	0.4859583097
913	0.1298770591	0.4864273987
914	0.1298125305	0.4865257661
915	0.1297730158	0.4867404511
916	0.129739856	0.4867404511
917	0.1296805893	0.4867404511
918	0.129648638	0.4867404511
919	0.1295881122	0.4867404511
920	0.1295510749	0.4867629914
921	0.1295323443	0.4867629914
922	0.129492898	0.4867342049
923	0.1294606581	0.4867342049
924	0.129403167	0.4867342049
925	0.1293482931	0.4867567452
926	0.1293057881	0.4867567452
927	0.1292508651	0.4871829536
928	0.1292303125	0.4875913497
929	0.1291940129	0.487167031
930	0.1291554085	0.487167031
931	0.1291040063	0.4865539515
932	0.1290551369	0.4865539515
933	0.128994372	0.4859064008
934	0.1289528952	0.4872550943
935	0.1289260305	0.4875681466
936	0.1288663152	0.4877476195
937	0.1288375677	0.4874345671
938	0.1288055991	0.4874345671
939	0.1287775691	0.4874201328
940	0.1287495416	0.4874201328
941	0.1287196209	0.4874201328
942	0.1286966653	0.4874201328
943	0.1286723799	0.4873961892
944	0.1286625825	0.4874344974
945	0.1286392011	0.487458441
946	0.1285950553	0.4874847812
947	0.1285446746	0.4888626551
948	0.1285049219	0.4880210518
949	0.1284859744	0.4880210518
950	0.1284570185	0.4883212685
951	0.1283975024	0.4881859351
952	0.1283646571	0.4881859351
953	0.1283385131	0.4877168461
954	0.1283208581	0.4881859351
955	0.1282655071	0.4881859351
956	0.1281991009	0.4873425187
957	0.128172092	0.4873425187
958	0.1281191296	0.4871673638
959	0.1280877401	0.4871673638
960	0.1280757194	0.4876544843
961	0.1280474968	0.4876544843
962	0.128011947	0.4879547011
963	0.1279731754	0.4879547011
964	0.1279159523	0.4879307575
965	0.1278727903	0.4879307575
966	0.1278167887	0.4879816304
967	0.1277824927	0.4879816304
968	0.1277575538	0.4879816304
969	0.1277132331	0.4884458142
970	0.1276588913	0.4887399746
971	0.127649351	0.4887399746
972	0.1276090505	0.4887639183
973	0.1275757128	0.4887639183
974	0.1275212799	0.4887639183
975	0.1274931202	0.4887413779
976	0.1274514728	0.4887413779
977	0.1274179875	0.4887639183
978	0.1274062518	0.4887639183
979	0.1273728823	0.4887639183
980	0.1273319266	0.4887413779
981	0.1272863031	0.4887639183
982	0.127253354	0.4887639183
983	0.127218234	0.4887639183
984	0.1271884992	0.4884138912
985	0.1271246944	0.4889133956
986	0.1270806824	0.4887564632
987	0.127028254	0.4887564632
988	0.1269904989	0.4886083891
989	0.1269596853	0.4891064903
990	0.1269311147	0.4891064903
991	0.1268823106	0.4891064903
992	0.1268340471	0.489510828
993	0.126787939	0.4895670812
994	0.1267500133	0.4892170541
995	0.1266905038	0.4890689799
996	0.126671718	0.4890689799
997	0.1266202518	0.489018107
998	0.1265889016	0.4899696484
999	0.1265566508	0.4900205213
1000	0.1265082777	0.4904462928
1001	0.1264626483	0.4894947514
1002	0.126426043	0.4894947514
1003	0.1263784245	0.4894947514
1004	0.1263354264	0.489472211
1005	0.1262928833	0.489472211
1006	0.1262379826	0.489472211
1007	0.1261816655	0.4896742243
1008	0.1261452425	0.4896742243
1009	0.1261024414	0.4894947514
1010	0.1260576267	0.489828291
1011	0.1260359393	0.489828291
1012	0.1260199093	0.489828291
1013	0.125986904	0.489828291
1014	0.1259635554	0.489828291
1015	0.1259411682	0.4897543066
1016	0.125882371	0.4901800781
1017	0.1258518925	0.4901800781
1018	0.1258227276	0.4901800781
1019	0.1257909503	0.4901800781
1020	0.1257510817	0.4901800781
1021	0.1257242413	0.4901800781
1022	0.1257046715	0.4901800781
1023	0.1256742122	0.4901800781
1024	0.1256204975	0.4901800781
1025	0.1255893817	0.4901800781
1026	0.1255681263	0.4901800781
1027	0.1255328966	0.4901800781
1028	0.1254907442	0.4904480145
1029	0.1254674972	0.4904480145
1030	0.1254109619	0.4904480145
1031	0.1253690713	0.4904480145
1032	0.1253261555	0.4904480145
1033	0.1252983623	0.4904480145
1034	0.1252548371	0.4904480145
1035	0.1252126324	0.4906885804
1036	0.1251806521	0.4906885804
1037	0.1251304677	0.4908348946
1038	0.125098074	0.4908123542
1039	0.1250703136	0.4911547666
1040	0.1250125207	0.4916018939
1041	0.1249841629	0.4916018939
1042	0.1249485964	0.4916244343
1043	0.1249158887	0.4919762213
1044	0.1248698837	0.4916753073
1045	0.1248296083	0.4916753073
1046	0.124809877	0.4916753073
1047	0.1247827193	0.49122818
1048	0.124758418	0.49122818
1049	0.1247182746	0.49122818
1050	0.1246865605	0.4910818658
1051	0.1246588842	0.4910818658
1052	0.1246258388	0.4910818658
1053	0.12460109	0.4915509547
1054	0.1245683672	0.4925024962
1055	0.1245311216	0.4926491618
1056	0.1245039896	0.4926491618
1057	0.1244627835	0.4920334072
1058	0.1244243307	0.4923156221
1059	0.1244160903	0.4923156221
1060	0.12439711	0.4921689565
1061	0.1243664553	0.4921689565
1062	0.1243445337	0.4923484294
1063	0.1243052413	0.492681969
1064	0.1242469853	0.4931014012
1065	0.1242190835	0.4934349408
1066	0.1241914587	0.4934349408
1067	0.1241516675	0.4931014012
1068	0.1240952826	0.4935832239
1069	0.124060665	0.4939167635
1070	0.1240335497	0.4939167635
1071	0.1240053551	0.4939167635
1072	0.12397246	0.49418797
1073	0.1239544001	0.4938455576
1074	0.1239127068	0.4938455576
1075	0.1238683952	0.49418797
1076	0.1238437422	0.49418797
1077	0.1238077801	0.49418797
1078	0.1237673442	0.49418797
1079	0.1237329814	0.49418797
1080	0.1236936417	0.49418797
1081	0.1236597692	0.49418797
1082	0.1236308882	0.49418797
1083	0.1235789553	0.49418797
1084	0.1235606332	0.49418797
1085	0.1235336867	0.49418797
1086	0.123490805	0.49418797
1087	0.1234619288	0.4945397571
1088	0.1234256792	0.4945397571
1089	0.1233866845	0.4945397571
1090	0.1233256805	0.4946385354
1091	0.1233059297	0.4946385354
1092	0.1232331928	0.4947315035
1093	0.1232044446	0.4952005924
1094	0.123139169	0.4952005924
1095	0.1230903775	0.4952005924
1096	0.1230285398	0.4952005924
1097	0.1229926331	0.4952005924
1098	0.1229690725	0.4952005924
1099	0.1229552964	0.4952005924
1100	0.1229096723	0.4952005924
1101	0.1228661925	0.4952005924
1102	0.1228174937	0.4952005924
1103	0.1227854247	0.4952005924
1104	0.1227344341	0.4952005924
1105	0.122718203	0.4954192199
1106	0.1226677777	0.4954192199
1107	0.1226154947	0.495849542
1108	0.1225906755	0.4955160024
1109	0.1225350328	0.4958946228
1110	0.1225086909	0.4956759953
1111	0.1224566764	0.4956534549
1112	0.1223967124	0.4958720824
1113	0.1223756656	0.4958720824
1114	0.1223510338	0.4958720824
1115	0.1223374194	0.4958720824
1116	0.1223041222	0.4958720824
1117	0.1222779134	0.4959138295
1118	0.1222484506	0.4958720824
1119	0.1222153488	0.4958720824
1120	0.1221907329	0.4958270016
1121	0.1221699088	0.4958687487
1122	0.1221032182	0.4958687487
1123	0.1220626401	0.4956501213
1124	0.1220185055	0.4956501213
1125	0.1220012797	0.4956501213
1126	0.1219521826	0.4956501213
1127	0.1219049678	0.4956501213
1128	0.1218539356	0.4956534549
1129	0.1218213811	0.4957785168
1130	0.1217617449	0.4957785168
1131	0.1217364649	0.4956534549
1132	0.1216999154	0.4957785168
1133	0.1216777083	0.495820264
1134	0.1216348248	0.495820264
1135	0.1216135851	0.495820264
1136	0.1215947667	0.495820264
1137	0.12155731	0.4962673912
1138	0.121499502	0.4962673912
1139	0.1214729339	0.4964945072
1140	0.1214449694	0.4964945072
1141	0.1213954585	0.4964945072
1142	0.1213687124	0.4964945072
1143	0.1213416212	0.495820264
1144	0.1213079645	0.4962673912
1145	0.121272016	0.4962673912
1146	0.121212058	0.4960473799
1147	0.1211716253	0.4960473799
1148	0.1211385542	0.4960473799
1149	0.121093555	0.4964945072
1150	0.1210549293	0.496472922
1151	0.1210327024	0.496245806
1152	0.1210008122	0.4964489783
1153	0.1209612913	0.4964427321
1154	0.1209465416	0.4966613596
1155	0.1209006864	0.4966613596
1156	0.1208709258	0.496689191
1157	0.1208248552	0.4966954372
1158	0.1207943778	0.4964404898
1159	0.1207405582	0.4966676058
1160	0.1207107469	0.4966676058
1161	0.1206562447	0.4966676058
1162	0.1206141088	0.4966676058
1163	0.1205937596	0.4966676058
1164	0.1205764539	0.4966676058
1165	0.1205484245	0.4966676058
1166	0.1205322536	0.4966676058
1167	0.1205088906	0.4964404898
1168	0.1204795577	0.4964404898
1169	0.1204539683	0.4966676058
1170	0.1204126807	0.4966676058
1171	0.1203995511	0.4966676058
1172	0.1203591012	0.49693698
1173	0.1203369153	0.4967954569
1174	0.1203076507	0.4970465165
1175	0.1202639875	0.4970225729
1176	0.1202414073	0.49693698
1177	0.120213049	0.4973033361
1178	0.1201902901	0.4973033361
1179	0.1201655466	0.4972524631
1180	0.1201273749	0.4972285195
1181	0.1200915675	0.4979212297
1182	0.1200698418	0.4979212297
1183	0.1200315494	0.4979212297
1184	0.1200026628	0.4979212297
1185	0.119964253	0.4975788172
1186	0.1199136906	0.4975788172
1187	0.1198812618	0.4975788172
1188	0.1198418498	0.4977582901
1189	0.119797476	0.4978847896
1190	0.1197550224	0.4978847896
1191	0.1197382029	0.4978847896
1192	0.1196840429	0.4972617999
1193	0.1196499587	0.4972617999
1194	0.1196297042	0.4975311741
1195	0.1196047252	0.4975311741
1196	0.1195650008	0.4977582901
1197	0.1195365151	0.4981007025
1198	0.1195004879	0.4981007025
1199	0.119464794	0.4981007025
1200	0.1194444085	0.4981007025
1201	0.119416167	0.4981007025
1202	0.1193873999	0.4981069487
1203	0.1193634764	0.4982334483
1204	0.1193399716	0.4978910358
1205	0.1193058978	0.4978910358
1206	0.1192944454	0.4978910358
1207	0.1192597075	0.4977645363
1208	0.1192320234	0.4977645363
1209	0.119198668	0.4977645363
1210	0.119145158	0.4975850634
1211	0.1191208725	0.4975850634
1212	0.1190985254	0.4975850634
1213	0.1190672168	0.4975850634
1214	0.1190298329	0.4979274759
1215	0.119006596	0.4979274759
1216	0.1189863253	0.4979274759
1217	0.1189582177	0.4979274759
1218	0.1189173103	0.4979274759
1219	0.1188937436	0.4979274759
1220	0.1188780328	0.4979274759
1221	0.1188169428	0.4979274759
1222	0.1187713113	0.4979274759
1223	0.1187515483	0.4979274759
1224	0.118721028	0.4979274759
1225	0.1186768313	0.4979274759
1226	0.1186296641	0.4979274759
1227	0.1185869309	0.4979274759
1228	0.1185803686	0.4979274759
1229	0.1185591674	0.4979212297
1230	0.1185405849	0.4979212297
1231	0.1185048567	0.4979212297
1232	0.1184771029	0.4981007025
1233	0.1184510678	0.4981007025
1234	0.1184141405	0.4981007025
1235	0.1183544015	0.4981007025
1236	0.1183122757	0.4981007025
1237	0.1182890315	0.4981007025
1238	0.118252315	0.4978735866
1239	0.1182259687	0.4978318394
1240	0.1181808044	0.4980589554
1241	0.1181303463	0.4980589554
1242	0.1181007257	0.4980589554
1243	0.118073923	0.4980589554
1244	0.1180471587	0.4981007025
1245	0.1179928688	0.4981007025
1246	0.1179614247	0.4981007025
1247	0.1179184991	0.4981007025
1248	0.1178867783	0.4980589554
1249	0.1178520353	0.4981007025
1250	0.1178118512	0.4980767589
1251	0.1177985554	0.4980767589
1252	0.1177759471	0.4980767589
1253	0.1177618625	0.4980767589
1254	0.1177205069	0.4980350118
1255	0.117681471	0.4980350118
1256	0.1176392944	0.4980350118
1257	0.1176104125	0.4980350118
1258	0.1175917464	0.4980350118
1259	0.1175628716	0.4980350118
1260	0.1175060837	0.4976925993
1261	0.1174566021	0.4976988455
1262	0.1174250202	0.4976988455
1263	0.1173998999	0.4976988455
1264	0.1173673456	0.4976988455
1265	0.1173214463	0.4976988455
1266	0.1172884863	0.4976988455
1267	0.1172624293	0.498041258
1268	0.1172417816	0.4980652016
1269	0.1172167449	0.4980652016
1270	0.1171734239	0.4981917011
1271	0.1171572581	0.4981917011
1272	0.1171438296	0.4981677575
1273	0.1171235075	0.4981677575
1274	0.1170825933	0.4981615113
1275	0.1170212341	0.4981854549
1276	0.1169922521	0.4981854549
1277	0.1169601475	0.4981040362
1278	0.1169414084	0.4981040362
1279	0.1169131999	0.4981040362
1280	0.116897449	0.4981040362
1281	0.1168488874	0.4981040362
1282	0.1168092777	0.4982305357
1283	0.1167648478	0.4982305357
1284	0.1167141602	0.4982305357
1285	0.1167073303	0.4982305357
1286	0.1166819983	0.4981854549
1287	0.1166413136	0.4984566615
1288	0.1166023503	0.4984566615
1289	0.1165891367	0.4984566615
1290	0.1165588316	0.4984566615
1291	0.1165443493	0.4987902011
1292	0.1165340349	0.4988319483
1293	0.1164876992	0.4987902011
1294	0.1164586839	0.498969674
1295	0.1164408368	0.498969674
1296	0.1163876376	0.498969674
1297	0.1163820036	0.498969674
1298	0.1163422395	0.498969674
1299	0.1163252851	0.498969674
1300	0.1162798323	0.498969674
1301	0.116246304	0.4989457303
1302	0.1162269815	0.4989457303
1303	0.1162011179	0.498969674
1304	0.1161740862	0.4990114211
1305	0.1161619738	0.4990114211
1306	0.1161212317	0.4990339615
1307	0.1160763336	0.4989975054
1308	0.1160549007	0.4989975054
1309	0.1160430873	0.4989975054
1310	0.1160229775	0.4994462542
1311	0.1159859535	0.4994971271
1312	0.1159437048	0.4994971271
1313	0.1159209309	0.4994462542
1314	0.1158848817	0.4994687946
1315	0.1158846062	0.4994687946
1316	0.1158535663	0.4994090293
1317	0.1158391328	0.4994315697
1318	0.1158234201	0.4994315697
1319	0.1158025708	0.4994315697
1320	0.1157580535	0.4994090293
1321	0.1157258894	0.4994090293
1322	0.1156831223	0.4996580799
1323	0.1156560204	0.4996580799
1324	0.115606567	0.4997401847
1325	0.1155545473	0.4997401847
1326	0.1155223033	0.4997401847
1327	0.1154959409	0.4997401847
1328	0.1154665482	0.5002138884
1329	0.1154322816	0.5002138884
1330	0.1154128403	0.5002138884
1331	0.1153738142	0.5001408632
1332	0.1153460935	0.5001408632
1333	0.1153044108	0.5004102374
1334	0.1152887379	0.5005993391
1335	0.1152535565	0.5004120698
1336	0.1152321365	0.5006814439
1337	0.1152004843	0.5006814439
1338	0.1151741759	0.5006814439
1339	0.1151373195	0.5006814439
1340	0.1151017936	0.5002326951
1341	0.1150739006	0.5002326951
1342	0.1150426892	0.5002326951
1343	0.1149916394	0.5002326951
1344	0.1149606145	0.4999614886
1345	0.1149410849	0.4999614886
1346	0.1149227127	0.4999336572
1347	0.1148681856	0.4999614886
1348	0.1148494574	0.4999614886
1349	0.1148035095	0.4999336572
1350	0.1147586805	0.4999336572
1351	0.1147258259	0.4999336572
1352	0.1147024663	0.5004679988
1353	0.1146693593	0.5003824059
1354	0.1146470323	0.5003824059
1355	0.1146145416	0.5003824059
1356	0.1145853786	0.4999336572
1357	0.114557743	0.4995744939
1358	0.114523442	0.4993654735
1359	0.1144891298	0.4993376421
1360	0.114454981	0.4992867691
1361	0.1143980303	0.4997129775
1362	0.1143642486	0.4999845976
1363	0.1143527448	0.4999845976
1364	0.114330531	0.500007138
1365	0.1143034003	0.4997355179
1366	0.1142655709	0.4997355179
1367	0.1142418863	0.4997355179
1368	0.1141979037	0.4997355179
1369	0.1141742718	0.4997129775
1370	0.1141390072	0.4997129775
1371	0.114109476	0.4997633493
1372	0.1140764988	0.5002275331
1373	0.1140645818	0.5002275331
1374	0.1140375095	0.500774848
1375	0.1140034686	0.5003106642
1376	0.1139708496	0.5003106642
1377	0.1139306852	0.5007726349
1378	0.1138853444	0.5009869463
1379	0.113847386	0.5012581529
1380	0.1138233251	0.5014205126
1381	0.1138018001	0.5011597171
1382	0.1137780408	0.501396569
1383	0.113741346	0.5014191094
1384	0.1137239978	0.5014191094
1385	0.1136965678	0.5014191094
1386	0.113674659	0.5014191094
1387	0.1136446414	0.5019072368
1388	0.1136135963	0.5019072368
1389	0.1135869747	0.5014438629
1390	0.1135587981	0.5014199192
1391	0.113530398	0.5011505451
1392	0.1134920181	0.5014199192
1393	0.1134702811	0.5014424596
1394	0.1134337037	0.501791361
1395	0.1134211006	0.501791361
1396	0.1133789885	0.5013858677
1397	0.1133468795	0.5014004928
1398	0.1132924515	0.5013147809
1399	0.1132616832	0.5013147809
1400	0.1132443702	0.5013147809
1401	0.1132268377	0.5012922405
1402	0.1132039161	0.5008288666
1403	0.1131577039	0.5009672827
1404	0.1131235435	0.5009672827
1405	0.1130800903	0.5010690286
1406	0.1130558805	0.5010690286
1407	0.113036397	0.501177281
1408	0.1129906685	0.5011547406
1409	0.1129655824	0.5011547406
1410	0.112940154	0.501182572
1411	0.1129027261	0.5014631404
1412	0.1128560859	0.5014631404
1413	0.1128440963	0.5020155969
1414	0.1128174974	0.5020155969
1415	0.112780449	0.5024643456
1416	0.1127528147	0.5024643456
1417	0.1127380545	0.5024643456
1418	0.1127036933	0.5024643456
1419	0.1126697378	0.5024643456
1420	0.1126573057	0.5024643456
1421	0.1126507793	0.502486886
1422	0.112625098	0.5024643456
1423	0.1126051768	0.5024643456
1424	0.1125820066	0.5024643456
1425	0.1125304558	0.5024643456
1426	0.1125019081	0.5024643456
1427	0.1124826195	0.502486886
1428	0.1124606193	0.502486886
1429	0.1124271784	0.5021784863
1430	0.1124070178	0.5021784863
1431	0.1123819555	0.5021559459
1432	0.1123337193	0.5026193197
1433	0.1123009672	0.5026193197
1434	0.1122860966	0.5027049126
1435	0.1122584531	0.5027049126
1436	0.1122163959	0.5027049126
1437	0.112186162	0.5027049126
1438	0.1121568928	0.5023846655
1439	0.112130354	0.5026930653
1440	0.1121078697	0.5026930653
1441	0.112084773	0.5026930653
1442	0.1120702725	0.5026930653
1443	0.1120375058	0.5026930653
1444	0.1120151288	0.5026930653
1445	0.1119826518	0.5026930653
1446	0.1119561458	0.5026930653
1447	0.111911189	0.5026930653
1448	0.1118743831	0.5026930653
1449	0.1118463578	0.502984718
1450	0.11180048	0.502984718
1451	0.1117699227	0.502984718
1452	0.1117587109	0.502984718
1453	0.1117122201	0.502984718
1454	0.1116630532	0.502984718
1455	0.1116333912	0.502984718
1456	0.1116005228	0.502984718
1457	0.1115850693	0.502984718
1458	0.1115486697	0.5029116928
1459	0.1115116335	0.5029116928
1460	0.1114927348	0.5029395242
1461	0.1114563057	0.5029395242
1462	0.1114181659	0.5029395242
1463	0.1113805285	0.5029395242
1464	0.1113400896	0.5029395242
1465	0.1113216107	0.5029395242
1466	0.111284578	0.5027587119
1467	0.1112704339	0.5027587119
1468	0.1112341674	0.5030280861
1469	0.1112059864	0.5033704985
1470	0.1111627904	0.5032847865
1471	0.1111309882	0.5032847865
1472	0.1110972373	0.5032847865
1473	0.1110709695	0.5032847865
1474	0.1110286485	0.5033704985
1475	0.1110172384	0.5033704985
1476	0.110996429	0.5033704985
1477	0.1109765753	0.5033704985
1478	0.1109437293	0.5033704985
1479	0.1109121703	0.5033704985
1480	0.110890514	0.5033704985
1481	0.1108703856	0.5033704985
1482	0.1108509989	0.5038192473
1483	0.1108159078	0.5038192473
1484	0.1107913811	0.5036808312
1485	0.1107620109	0.5036808312
1486	0.1107365334	0.5035951192
1487	0.1107102785	0.5035951192
1488	0.1106670314	0.5035951192
1489	0.110649088	0.5035951192
1490	0.1105979711	0.5035951192
1491	0.1105835842	0.5035951192
1492	0.1105346134	0.5033764917
1493	0.1104928368	0.5033764917
1494	0.1104535512	0.5035149078
1495	0.1104114422	0.5033764917
1496	0.1103838651	0.5033764917
1497	0.1103680351	0.5036036077
1498	0.1103236737	0.5036036077
1499	0.110303069	0.5036544806
1500	0.1102720191	0.5037928967
1501	0.1102267876	0.5037928967
1502	0.1101983913	0.5037928967
1503	0.1101689463	0.5037928967
1504	0.1101405934	0.5037928967
1505	0.1101147914	0.5035657808
1506	0.1100957718	0.5035657808
1507	0.1100591923	0.5035657808
1508	0.1100373878	0.5035657808
1509	0.1100017887	0.5035657808
1510	0.1099814093	0.5035657808
1511	0.109963851	0.5037928967
1512	0.109918635	0.5035657808
1513	0.1099021541	0.5035657808
1514	0.1098633222	0.5035657808
1515	0.1098216139	0.503767269
1516	0.1097689102	0.503767269
1517	0.1097448041	0.503767269
1518	0.1097174661	0.503767269
1519	0.1096722897	0.503767269
1520	0.1096477807	0.503767269
1521	0.1095995877	0.503767269
1522	0.1095658188	0.503767269
1523	0.1095385844	0.503767269
1524	0.1095134053	0.503767269
1525	0.1094877107	0.5039467419
1526	0.1094456997	0.5039467419
1527	0.1094143905	0.5038083257
1528	0.1093874557	0.5039467419
1529	0.1093728472	0.5038083257
1530	0.1093400935	0.5038083257
1531	0.1093309734	0.5038083257
1532	0.1092982351	0.5038083257
1533	0.1092815652	0.5038083257
1534	0.1092475158	0.5039467419
1535	0.109208197	0.5039467419
1536	0.1091969215	0.5038958689
1537	0.1091727013	0.5044365089
1538	0.1091403622	0.5044365089
1539	0.1091127131	0.5045121355
1540	0.1090818404	0.5045538826
1541	0.1090550209	0.5044000375
1542	0.1090369612	0.5042735379
1543	0.108995685	0.5043582904
1544	0.1089776111	0.5044847899
1545	0.108937815	0.5045356629
1546	0.1089149438	0.5043972467
1547	0.108883949	0.5044389939
1548	0.1088755436	0.5044389939
1549	0.1088542761	0.5045356629
1550	0.1088149463	0.5043972467
1551	0.1087894305	0.5042505811
1552	0.1087546055	0.5043972467
1553	0.1087269542	0.5045356629
1554	0.1087151908	0.5045356629
1555	0.108691297	0.5043889973
1556	0.1086687882	0.5043889973
1557	0.1086388042	0.5043889973
1558	0.1086113337	0.5043889973
1559	0.1085894623	0.5043889973
1560	0.1085694385	0.5043889973
1561	0.1085454867	0.5043889973
1562	0.1085227199	0.5043889973
1563	0.1085006374	0.5043889973
1564	0.1084860206	0.5043889973
1565	0.1084659053	0.5043889973
1566	0.1084351841	0.5043889973
1567	0.1084073554	0.5043889973
1568	0.1083853155	0.5042505811
1569	0.1083608648	0.5042505811
1570	0.1083519907	0.5042505811
1571	0.1083045402	0.5042505811
1572	0.1082801714	0.5042505811
1573	0.1082499507	0.5042505811
1574	0.1082287644	0.5042505811
1575	0.1082109814	0.5042505811
1576	0.1081666524	0.5040234652
1577	0.1081255261	0.5042505811
1578	0.1080982836	0.5042505811
1579	0.1080431258	0.5040234652
1580	0.1080256782	0.5040234652
1581	0.1080121486	0.5040234652
1582	0.1079843434	0.5042505811
1583	0.107981824	0.5042505811
1584	0.1079428467	0.5040234652
1585	0.1079341933	0.5040234652
1586	0.107909533	0.5040234652
1587	0.1079090365	0.5040234652
1588	0.1078825252	0.5040234652
1589	0.1078443111	0.5040234652
1590	0.107813788	0.5040234652
1591	0.107799931	0.5040234652
1592	0.1077900197	0.5040234652
1593	0.1077719249	0.5040234652
1594	0.1077611493	0.5040234652
1595	0.1077331711	0.5040234652
1596	0.1077012116	0.5042505811
1597	0.1076843961	0.5042505811
1598	0.107648029	0.5042505811
1599	0.1076274979	0.5042505811
1600	0.1076046837	0.5042505811
1601	0.1075686085	0.5042505811
1602	0.1075522979	0.5042505811
1603	0.107516718	0.5042559613
1604	0.1074941315	0.5042505811
1605	0.1074626313	0.5042505811
1606	0.1074327381	0.5039725922
1607	0.1074214735	0.5039725922
1608	0.1074025934	0.5039779724
1609	0.1073864433	0.5039779724
1610	0.1073553348	0.5039779724
1611	0.1073260061	0.5039779724
1612	0.1073184001	0.5039779724
1613	0.1073037734	0.5042050884
1614	0.1072859966	0.5042050884
1615	0.1072718828	0.5042050884
1616	0.1072462336	0.5042050884
1617	0.10724511	0.5042050884
1618	0.1072364221	0.5042050884
1619	0.1072266735	0.5042050884
1620	0.1071991168	0.5042050884
1621	0.1071742714	0.5042478848
1622	0.1071402913	0.5042478848
1623	0.1071246102	0.5042478848
1624	0.1071100152	0.5042987578
1625	0.1070875562	0.5041722582
1626	0.1070631537	0.5042933776
1627	0.1070166855	0.5048366178
1628	0.1069908257	0.5048366178
1629	0.1069633203	0.5045586288
1630	0.1069385305	0.5050123225
1631	0.1068927118	0.5050123225
1632	0.106861029	0.5050123225
1633	0.1068503575	0.5050123225
1634	0.1068244736	0.5050177027
1635	0.1068100624	0.5050123225
1636	0.1067871165	0.5050123225
1637	0.1067612146	0.5050123225
1638	0.1067286978	0.5050123225
1639	0.1066794533	0.5050123225
1640	0.1066578061	0.5050123225
1641	0.1066366183	0.5050123225
1642	0.1066067744	0.5050123225
1643	0.1065628175	0.5050123225
1644	0.106531856	0.5050123225
1645	0.1065205259	0.5050123225
1646	0.1064908404	0.5050123225
1647	0.1064678993	0.5050123225
1648	0.1064540162	0.5050123225
1649	0.1064261081	0.5050123225
1650	0.1063775007	0.5053376788
1651	0.106361795	0.5053376788
1652	0.1063374265	0.5053376788
1653	0.1063117033	0.5053376788
1654	0.106277779	0.504939803
1655	0.1062484034	0.504939803
1656	0.1062285136	0.504939803
1657	0.1061951307	0.5053885517
1658	0.1061770239	0.504939803
1659	0.1061352608	0.5050990283
1660	0.1061037716	0.5050990283
1661	0.1060413463	0.505547777
1662	0.106001358	0.505547777
1663	0.1059794734	0.505547777
1664	0.1059552064	0.5058901895
1665	0.1059399423	0.5058901895
1666	0.1059210175	0.5058901895
1667	0.1058856786	0.5056666258
1668	0.1058566552	0.5056666258
1669	0.1058358593	0.5053242134
1670	0.1057913919	0.505547777
1671	0.1057669419	0.5055928578
1672	0.1057491239	0.505551616
1673	0.1057253164	0.505551616
1674	0.1057017666	0.5055928578
1675	0.1056901031	0.5055928578
1676	0.1056599612	0.5055928578
1677	0.1056402171	0.5055928578
1678	0.1056276032	0.5055928578
1679	0.1056274263	0.5055928578
1680	0.1056098436	0.505665883
1681	0.1055970392	0.505665883
1682	0.1055777352	0.5055928578
1683	0.1055517121	0.505665883
1684	0.1055255633	0.5060082954
1685	0.1055116915	0.5059352703
1686	0.1054853322	0.5059352703
1687	0.1054598877	0.5055595467
1688	0.1054459561	0.5055595467
1689	0.1054294898	0.5055595467
1690	0.105415895	0.5054865215
1691	0.1053962967	0.5054865215
1692	0.1053800095	0.5057258814
1693	0.1053572134	0.5057258814
1694	0.1053371125	0.5057258814
1695	0.1053092589	0.5058115933
1696	0.1052866572	0.5057258814
1697	0.1052546936	0.5057258814
1698	0.1052320568	0.5057350481
1699	0.1052174032	0.5057350481
1700	0.1051918758	0.5057350481
1701	0.1051558891	0.5057350481
1702	0.1051279351	0.5057258814
1703	0.1051129846	0.5057258814
1704	0.1050980212	0.5057258814
1705	0.1050876109	0.5057258814
1706	0.1050763496	0.5057258814
1707	0.1050597174	0.5057258814
1708	0.1050424595	0.5056808006
1709	0.1050253636	0.5057258814
1710	0.1049997137	0.5058115933
1711	0.1049775001	0.5058115933
1712	0.1049501656	0.5058115933
1713	0.1049263395	0.5057665126
1714	0.1049066436	0.5057665126
1715	0.1048802727	0.5058115933
1716	0.1048500876	0.5058115933
1717	0.1048270398	0.5058115933
1718	0.1047889426	0.5058115933
1719	0.104788866	0.5058115933
1720	0.104781009	0.5058115933
1721	0.1047645615	0.5058115933
1722	0.1047319538	0.505958259
1723	0.1047043085	0.5059153434
1724	0.1046762972	0.5059153434
1725	0.1046561279	0.5059153434
1726	0.1046271652	0.5059598136
1727	0.1046264169	0.5059598136
1728	0.1046064387	0.5059598136
1729	0.1045806685	0.5060010554
1730	0.1045514226	0.5057680672
1731	0.1045086808	0.505813148
1732	0.104481519	0.5058543898
1733	0.1044558204	0.5058543898
1734	0.1044285131	0.5058543898
1735	0.1044128467	0.5058543898
1736	0.1043994805	0.5058543898
1737	0.1043776787	0.5058543898
1738	0.1043560143	0.5058543898
1739	0.1043290394	0.5058543898
1740	0.1043025567	0.505809309
1741	0.1042704698	0.505809309
1742	0.1042577312	0.505809309
1743	0.1042321696	0.505809309
1744	0.1041910091	0.5058543898
1745	0.1041591508	0.5058543898
1746	0.1041498989	0.5058543898
1747	0.1041236495	0.5058543898
1748	0.104107261	0.5058543898
1749	0.1040846402	0.5058543898
1750	0.1040556795	0.5060730173
1751	0.1040369717	0.5060730173
1752	0.104008514	0.5060730173
1753	0.1039848234	0.5060010554
1754	0.1039472033	0.5062624793
1755	0.1039205151	0.5061158137
1756	0.1038999932	0.5061158137
1757	0.1038800536	0.5061158137
1758	0.1038579906	0.5062927081
1759	0.1038338862	0.5062927081
1760	0.1038149489	0.5064311242
1761	0.103770744	0.5064311242
1762	0.1037453354	0.5064819971
1763	0.1037169601	0.5065247936
1764	0.1037005402	0.5065247936
1765	0.1036889734	0.5065247936
1766	0.1036461396	0.5064517684
1767	0.1036132033	0.5059620014
1768	0.103587116	0.5059620014
1769	0.103549851	0.5059620014
1770	0.103545731	0.5059620014
1771	0.1035092116	0.5059620014
1772	0.1035007033	0.5059620014
1773	0.1034794015	0.5060350266
1774	0.1034715986	0.5060350266
1775	0.1034479078	0.5060350266
1776	0.1034189494	0.5060350266
1777	0.1033850182	0.5060350266
1778	0.103362082	0.5060350266
1779	0.1033457763	0.5059620014
1780	0.1033106682	0.5059620014
1781	0.1032802581	0.5059620014
1782	0.1032657722	0.5059711681
1783	0.1032339774	0.5063877729
1784	0.1032236263	0.5063877729
1785	0.103213058	0.5059620014
1786	0.1031880267	0.5059620014
1787	0.1031655004	0.5064107501
1788	0.1031329717	0.5064107501
1789	0.1031085444	0.5064107501
1790	0.1030865104	0.5064107501
1791	0.1030859711	0.5063598772
1792	0.1030483271	0.5070732078
1793	0.1030161443	0.5070732078
1794	0.1030157334	0.5070732078
1795	0.1029970084	0.5070732078
1796	0.1029677121	0.5069347917
1797	0.1029494852	0.5069347917
1798	0.1029288428	0.5069347917
1799	0.1029091425	0.5069347917
1800	0.1028882794	0.5069347917
1801	0.1028490005	0.5069347917
1802	0.1028362079	0.5069347917
1803	0.1028214416	0.5069347917
1804	0.1028051912	0.5069347917
1805	0.1027815441	0.5069347917
1806	0.1027453788	0.5069856647
1807	0.102711891	0.5069856647
1808	0.102694557	0.5071240808
1809	0.1026691423	0.5069856647
1810	0.1026651774	0.5069856647
1811	0.1026156972	0.5069856647
1812	0.1025943813	0.5069856647
1813	0.1025812873	0.5069948314
1814	0.1025660344	0.5069948314
1815	0.1025565712	0.5069856647
1816	0.1025355652	0.5069856647
1817	0.1025350914	0.5069856647
1818	0.1025213969	0.5069856647
1819	0.1024977396	0.5069856647
1820	0.1024850754	0.5069856647
1821	0.1024696778	0.5072144815
1822	0.1024426286	0.5072144815
1823	0.1024285521	0.5072144815
1824	0.1024105582	0.5072144815
1825	0.1023896393	0.5069948314
1826	0.1023735459	0.5069948314
1827	0.1023447521	0.5069948314
1828	0.102332731	0.5069948314
1829	0.1023152147	0.5069852002
1830	0.1023149644	0.5070360732
1831	0.1022892979	0.5074618447
1832	0.1022662506	0.5074618447
1833	0.102245175	0.5074618447
1834	0.1022263273	0.5074618447
1835	0.102205331	0.5074618447
1836	0.1022049832	0.5074618447
1837	0.1021946879	0.5074618447
1838	0.1021766118	0.5074618447
1839	0.1021533715	0.5074526779
1840	0.1021209433	0.5074526779
1841	0.1021182642	0.5074526779
1842	0.1020973141	0.5074526779
1843	0.1020782722	0.5074526779
1844	0.1020521894	0.5074526779
1845	0.1020319037	0.5074526779
1846	0.1020082385	0.5074526779
1847	0.1019782222	0.5074526779
1848	0.1019616763	0.5074526779
1849	0.1019287991	0.5074526779
1850	0.1019138328	0.5075910941
1851	0.1018762028	0.5075910941
1852	0.101852472	0.5075910941
1853	0.1018282592	0.5075910941
1854	0.1018022145	0.5074526779
1855	0.1017925013	0.5074526779
1856	0.1017641526	0.5074526779
1857	0.1017432433	0.5075910941
1858	0.1017086979	0.5074526779
1859	0.1016893439	0.5075257031
1860	0.1016759487	0.5075257031
1861	0.1016366338	0.5076641192
1862	0.1016243001	0.5075257031
1863	0.1016046327	0.5076641192
1864	0.1015859794	0.5075257031
1865	0.101570271	0.507892936
1866	0.1015660133	0.507892936
1867	0.1015411151	0.507892936
1868	0.1015066861	0.5076641192
1869	0.1014897577	0.5075257031
1870	0.1014505638	0.5075257031
1871	0.1014197786	0.5075257031
1872	0.1013910307	0.5075257031
1873	0.1013551335	0.5075257031
1874	0.1013325861	0.5076613064
1875	0.1013189576	0.5076613064
1876	0.1012943921	0.5076613064
1877	0.1012792927	0.5078901232
1878	0.1012537598	0.5078901232
1879	0.1012410185	0.5078901232
1880	0.1012122206	0.5078901232
1881	0.1011986154	0.5078901232
1882	0.1011729203	0.5078901232
1883	0.101163737	0.5078901232
1884	0.1011554418	0.5078901232
1885	0.1011553689	0.5078901232
1886	0.1011444361	0.5078901232
1887	0.1011253153	0.5078901232
1888	0.1010989962	0.5078901232
1889	0.1010801291	0.5078901232
1890	0.1010618706	0.5078901232
1891	0.1010426218	0.5078901232
1892	0.1010302111	0.5078901232
1893	0.1010088192	0.5078901232
1894	0.1009952543	0.5078901232
1895	0.1009829791	0.5078901232
1896	0.1009544489	0.5078901232
1897	0.1009316219	0.5078901232
1898	0.100891569	0.5078901232
1899	0.1008717975	0.5078901232
1900	0.1008412673	0.5078488814
1901	0.1008411233	0.5078488814
1902	0.1008321465	0.5078488814
1903	0.1008088029	0.5078488814
1904	0.1007969836	0.5078488814
1905	0.1007840577	0.5078488814
1906	0.1007638188	0.5078488814
1907	0.1007361645	0.5078488814
1908	0.1006900894	0.5078488814
1909	0.1006855992	0.5078488814
1910	0.1006665114	0.5078488814
1911	0.1006371081	0.5078488814
1912	0.1006261192	0.5078488814
1913	0.1005949056	0.5078488814
1914	0.1005728567	0.5078488814
1915	0.1005686453	0.5078542616
1916	0.1005445931	0.5078542616
1917	0.1005234215	0.5078542616
1918	0.1004965993	0.5078542616
1919	0.1004811673	0.5078542616
1920	0.1004624129	0.5078542616
1921	0.1004371676	0.5078542616
1922	0.100436637	0.5078542616
1923	0.1004358471	0.5078542616
1924	0.1004112059	0.5078542616
1925	0.1003836721	0.5078542616
1926	0.1003596649	0.5078542616
1927	0.1003416009	0.5078542616
1928	0.10032604	0.5078542616
1929	0.1002922445	0.5078542616
1930	0.1002692072	0.5078542616
1931	0.1002453341	0.5078542616
1932	0.1002186189	0.5078542616
1933	0.1002144377	0.5078542616
1934	0.1001717159	0.5078542616
1935	0.1001716728	0.5078542616
1936	0.1001465736	0.5078542616
1937	0.1001352619	0.5078542616
1938	0.1001190207	0.5078542616
1939	0.1000891688	0.5078542616
1940	0.1000742701	0.5078542616
1941	0.1000568444	0.5078542616
1942	0.1000291653	0.5078542616
1943	0.1000027649	0.5078542616
1944	0.09996950313	0.5078542616
1945	0.09995455208	0.5078542616
1946	0.09993327652	0.5078542616
1947	0.09991127601	0.5081671235
1948	0.09988663486	0.5081671235
1949	0.0998698897	0.5081671235
1950	0.09983010231	0.5083053545
1951	0.0998057605	0.5083053545
1952	0.0998005426	0.5083053545
1953	0.09977378366	0.5083053545
1954	0.09974563364	0.5083465963
1955	0.0997284365	0.5083465963
1956	0.09969349956	0.5083465963
1957	0.09966801546	0.5083465963
1958	0.09965200473	0.5083465963
1959	0.09962347373	0.5083465963
1960	0.09960469595	0.5083465963
1961	0.09958916577	0.5083465963
1962	0.09958110988	0.5083465963
1963	0.0995522462	0.5083465963
1964	0.09952227704	0.5083465963
1965	0.09952192315	0.5083465963
1966	0.0995174774	0.5083465963
1967	0.09950207063	0.5083465963
1968	0.09948806108	0.5083705399
1969	0.09944910458	0.5083705399
1970	0.09940282241	0.5083705399
1971	0.09938906574	0.5083705399
1972	0.09935041987	0.5083705399
1973	0.09933004498	0.5083705399
1974	0.09932273878	0.5083705399
1975	0.09930046283	0.5083292982
1976	0.09924861229	0.5083292982
1977	0.09920894006	0.5083705399
1978	0.09917674645	0.5083705399
1979	0.09917662698	0.5083705399
1980	0.09915308912	0.5083705399
1981	0.09912340962	0.5083705399
1982	0.09908859914	0.5083705399
1983	0.09906766876	0.5083705399
1984	0.09904981733	0.5083705399
1985	0.0990340635	0.5083705399
1986	0.09901302774	0.5083705399
1987	0.09897365208	0.5083705399
1988	0.09895452855	0.5083705399
1989	0.09893385198	0.5083705399
1990	0.09890909153	0.5083705399
1991	0.09888454175	0.5083705399
1992	0.09885606219	0.508366033
1993	0.09883709612	0.5083247912
1994	0.09883685104	0.5083247912
1995	0.09883672867	0.5083247912
1996	0.09882168384	0.5083247912
1997	0.09880596667	0.5083247912
1998	0.09878657108	0.508366033
1999	0.09876287641	0.508366033
